D:\Abhinav\College\SIH\CYBERMIND_ONE_CLICK_128GB_PORTABLE\CYBERMIND_REAL\.venv\Lib\site-packages\torch\jit\_script.py:1485: FutureWarning: `torch.jit.script` is not supported in Python 3.14+ and may break. Please switch to `torch.compile` or `torch.export`.
  warnings.warn(
D:\Abhinav\College\SIH\CYBERMIND_ONE_CLICK_128GB_PORTABLE\CYBERMIND_REAL\src\cybermind\models\temporal_encoder.py:16: UserWarning: enable_nested_tensor is True, but self.use_nested_tensor is False because encoder_layer.norm_first was True
  self.encoder=nn.TransformerEncoder(layer,num_layers=layers,norm=nn.LayerNorm(model_dim))
{
  "split": "test",
  "forecast_horizon_windows": 1,
  "metrics": {
    "f1": 0.0,
    "precision": 0.0,
    "recall": 0.0,
    "fpr": 0.0,
    "ap": 0.32825877825877825,
    "mean_lead_time_seconds": 0.0,
    "illegal_transition_rate": 0.0,
    "stage_transition_pairs": 25
  },
  "per_sample": [
    {
      "scenario": "CIC-IDS2018::SYNTHETIC_FIXTURE_ONLY",
      "target": 0.0,
      "predicted_future_risk": 0.4739822447299957,
      "predictive_variance": 2.711692104639951e-05,
      "explanation": {
        "target": "ensemble_mean_infiltration_probability_at_final_step",
        "gradient_x_input": [
          {
            "feature": "bytes_per_flow",
            "attribution": 0.001696920022368431,
            "signed_attribution": -0.0007342598401010036
          },
          {
            "feature": "bytes_total",
            "attribution": 0.00019379419973120093,
            "signed_attribution": 1.1117246685898863e-05
          },
          {
            "feature": "packet_count",
            "attribution": 0.0,
            "signed_attribution": 0.0
          },
          {
            "feature": "flow_count",
            "attribution": 0.0,
            "signed_attribution": 0.0
          },
          {
            "feature": "packets_total",
            "attribution": 0.0,
            "signed_attribution": 0.0
          },
          {
            "feature": "unique_peer_count",
            "attribution": 0.0,
            "signed_attribution": 0.0
          },
          {
            "feature": "unique_dst_port_count",
            "attribution": 0.0,
            "signed_attribution": 0.0
          },
          {
            "feature": "tcp_ratio",
            "attribution": 0.0,
            "signed_attribution": 0.0
          },
          {
            "feature": "udp_ratio",
            "attribution": 0.0,
            "signed_attribution": 0.0
          },
          {
            "feature": "mean_duration",
            "attribution": 0.0,
            "signed_attribution": 0.0
          }
        ],
        "temporal_attention": [
          {
            "window_index": 0,
            "timestamp": 1518566553.0,
            "attention": 0.5083333253860474
          },
          {
            "window_index": 1,
            "timestamp": 1518566554.0,
            "attention": 0.49166661500930786
          }
        ],
        "feature_occlusion": [
          {
            "feature": "bytes_total",
            "baseline_risk": 0.4739822447299957,
            "counterfactual_risk": 0.4657644033432007,
            "risk_reduction": 0.008217841386795044
          },
          {
            "feature": "bytes_per_flow",
            "baseline_risk": 0.4739822447299957,
            "counterfactual_risk": 0.4736470580101013,
            "risk_reduction": 0.0003351867198944092
          },
          {
            "feature": "packet_count",
            "baseline_risk": 0.4739822447299957,
            "counterfactual_risk": 0.4739822447299957,
            "risk_reduction": 0.0
          },
          {
            "feature": "flow_count",
            "baseline_risk": 0.4739822447299957,
            "counterfactual_risk": 0.4739822447299957,
            "risk_reduction": 0.0
          },
          {
            "feature": "packets_total",
            "baseline_risk": 0.4739822447299957,
            "counterfactual_risk": 0.4739822447299957,
            "risk_reduction": 0.0
          },
          {
            "feature": "unique_peer_count",
            "baseline_risk": 0.4739822447299957,
            "counterfactual_risk": 0.4739822447299957,
            "risk_reduction": 0.0
          },
          {
            "feature": "unique_dst_port_count",
            "baseline_risk": 0.4739822447299957,
            "counterfactual_risk": 0.4739822447299957,
            "risk_reduction": 0.0
          },
          {
            "feature": "tcp_ratio",
            "baseline_risk": 0.4739822447299957,
            "counterfactual_risk": 0.4739822447299957,
            "risk_reduction": 0.0
          },
          {
            "feature": "udp_ratio",
            "baseline_risk": 0.4739822447299957,
            "counterfactual_risk": 0.4739822447299957,
            "risk_reduction": 0.0
          },
          {
            "feature": "mean_duration",
            "baseline_risk": 0.4739822447299957,
            "counterfactual_risk": 0.4739822447299957,
            "risk_reduction": 0.0
          }
        ],
        "what_would_reduce_risk": [
          {
            "feature": "bytes_total",
            "baseline_risk": 0.4739822447299957,
            "counterfactual_risk": 0.4657644033432007,
            "risk_reduction": 0.008217841386795044
          },
          {
            "feature": "bytes_per_flow",
            "baseline_risk": 0.4739822447299957,
            "counterfactual_risk": 0.4736470580101013,
            "risk_reduction": 0.0003351867198944092
          }
        ],
        "baseline_risk": 0.4739822447299957,
        "n_rollouts": 4,
        "seed": 0,
        "occlusion_baseline": "zero in model feature space (training mean for normalized continuous features)",
        "interpretation": "Model sensitivity and attention; not proof of causality or calibrated confidence."
      },
      "decoded_stages": [
        1,
        1
      ],
      "stage_decoding": "crf_viterbi",
      "stage_transition_counts": {
        "illegal": 0,
        "evaluated": 1
      },
      "lead_time_seconds": null,
      "warning_index": null,
      "critical_index": null
    },
    {
      "scenario": "CIC-IDS2018::SYNTHETIC_FIXTURE_ONLY",
      "target": 1.0,
      "predicted_future_risk": 0.4739510416984558,
      "predictive_variance": 2.710915396164637e-05,
      "explanation": {
        "target": "ensemble_mean_infiltration_probability_at_final_step",
        "gradient_x_input": [
          {
            "feature": "bytes_per_flow",
            "attribution": 0.0017073892522603273,
            "signed_attribution": -0.0007443846552632749
          },
          {
            "feature": "bytes_total",
            "attribution": 0.00019710473134182394,
            "signed_attribution": 7.404662483168067e-06
          },
          {
            "feature": "packet_count",
            "attribution": 0.0,
            "signed_attribution": 0.0
          },
          {
            "feature": "flow_count",
            "attribution": 0.0,
            "signed_attribution": 0.0
          },
          {
            "feature": "packets_total",
            "attribution": 0.0,
            "signed_attribution": 0.0
          },
          {
            "feature": "unique_peer_count",
            "attribution": 0.0,
            "signed_attribution": 0.0
          },
          {
            "feature": "unique_dst_port_count",
            "attribution": 0.0,
            "signed_attribution": 0.0
          },
          {
            "feature": "tcp_ratio",
            "attribution": 0.0,
            "signed_attribution": 0.0
          },
          {
            "feature": "udp_ratio",
            "attribution": 0.0,
            "signed_attribution": 0.0
          },
          {
            "feature": "mean_duration",
            "attribution": 0.0,
            "signed_attribution": 0.0
          }
        ],
        "temporal_attention": [
          {
            "window_index": 0,
            "timestamp": 1518566554.0,
            "attention": 0.5082530975341797
          },
          {
            "window_index": 1,
            "timestamp": 1518566555.0,
            "attention": 0.4917468726634979
          }
        ],
        "feature_occlusion": [
          {
            "feature": "bytes_total",
            "baseline_risk": 0.4739510416984558,
            "counterfactual_risk": 0.4657810926437378,
            "risk_reduction": 0.008169949054718018
          },
          {
            "feature": "bytes_per_flow",
            "baseline_risk": 0.4739510416984558,
            "counterfactual_risk": 0.47367751598358154,
            "risk_reduction": 0.0002735257148742676
          },
          {
            "feature": "packet_count",
            "baseline_risk": 0.4739510416984558,
            "counterfactual_risk": 0.4739510416984558,
            "risk_reduction": 0.0
          },
          {
            "feature": "flow_count",
            "baseline_risk": 0.4739510416984558,
            "counterfactual_risk": 0.4739510416984558,
            "risk_reduction": 0.0
          },
          {
            "feature": "packets_total",
            "baseline_risk": 0.4739510416984558,
            "counterfactual_risk": 0.4739510416984558,
            "risk_reduction": 0.0
          },
          {
            "feature": "unique_peer_count",
            "baseline_risk": 0.4739510416984558,
            "counterfactual_risk": 0.4739510416984558,
            "risk_reduction": 0.0
          },
          {
            "feature": "unique_dst_port_count",
            "baseline_risk": 0.4739510416984558,
            "counterfactual_risk": 0.4739510416984558,
            "risk_reduction": 0.0
          },
          {
            "feature": "tcp_ratio",
            "baseline_risk": 0.4739510416984558,
            "counterfactual_risk": 0.4739510416984558,
            "risk_reduction": 0.0
          },
          {
            "feature": "udp_ratio",
            "baseline_risk": 0.4739510416984558,
            "counterfactual_risk": 0.4739510416984558,
            "risk_reduction": 0.0
          },
          {
            "feature": "mean_duration",
            "baseline_risk": 0.4739510416984558,
            "counterfactual_risk": 0.4739510416984558,
            "risk_reduction": 0.0
          }
        ],
        "what_would_reduce_risk": [
          {
            "feature": "bytes_total",
            "baseline_risk": 0.4739510416984558,
            "counterfactual_risk": 0.4657810926437378,
            "risk_reduction": 0.008169949054718018
          },
          {
            "feature": "bytes_per_flow",
            "baseline_risk": 0.4739510416984558,
            "counterfactual_risk": 0.47367751598358154,
            "risk_reduction": 0.0002735257148742676
          }
        ],
        "baseline_risk": 0.4739510416984558,
        "n_rollouts": 4,
        "seed": 0,
        "occlusion_baseline": "zero in model feature space (training mean for normalized continuous features)",
        "interpretation": "Model sensitivity and attention; not proof of causality or calibrated confidence."
      },
      "decoded_stages": [
        1,
        1
      ],
      "stage_decoding": "crf_viterbi",
      "stage_transition_counts": {
        "illegal": 0,
        "evaluated": 1
      },
      "lead_time_seconds": 0.0,
      "warning_index": null,
      "critical_index": 2
    },
    {
      "scenario": "CIC-IDS2018::SYNTHETIC_FIXTURE_ONLY",
      "target": 0.0,
      "predicted_future_risk": 0.4739195704460144,
      "predictive_variance": 2.710196713451296e-05,
      "explanation": {
        "target": "ensemble_mean_infiltration_probability_at_final_step",
        "gradient_x_input": [
          {
            "feature": "bytes_per_flow",
            "attribution": 0.0017176027176901698,
            "signed_attribution": -0.0007542165694758296
          },
          {
            "feature": "bytes_total",
            "attribution": 0.00020053016487509012,
            "signed_attribution": 3.9665328586124815e-06
          },
          {
            "feature": "packet_count",
            "attribution": 0.0,
            "signed_attribution": 0.0
          },
          {
            "feature": "flow_count",
            "attribution": 0.0,
            "signed_attribution": 0.0
          },
          {
            "feature": "packets_total",
            "attribution": 0.0,
            "signed_attribution": 0.0
          },
          {
            "feature": "unique_peer_count",
            "attribution": 0.0,
            "signed_attribution": 0.0
          },
          {
            "feature": "unique_dst_port_count",
            "attribution": 0.0,
            "signed_attribution": 0.0
          },
          {
            "feature": "tcp_ratio",
            "attribution": 0.0,
            "signed_attribution": 0.0
          },
          {
            "feature": "udp_ratio",
            "attribution": 0.0,
            "signed_attribution": 0.0
          },
          {
            "feature": "mean_duration",
            "attribution": 0.0,
            "signed_attribution": 0.0
          }
        ],
        "temporal_attention": [
          {
            "window_index": 0,
            "timestamp": 1518566555.0,
            "attention": 0.5081736445426941
          },
          {
            "window_index": 1,
            "timestamp": 1518566556.0,
            "attention": 0.4918263554573059
          }
        ],
        "feature_occlusion": [
          {
            "feature": "bytes_total",
            "baseline_risk": 0.4739195704460144,
            "counterfactual_risk": 0.4657967686653137,
            "risk_reduction": 0.008122801780700684
          },
          {
            "feature": "bytes_per_flow",
            "baseline_risk": 0.4739195704460144,
            "counterfactual_risk": 0.47370681166648865,
            "risk_reduction": 0.00021275877952575684
          },
          {
            "feature": "packet_count",
            "baseline_risk": 0.4739195704460144,
            "counterfactual_risk": 0.4739195704460144,
            "risk_reduction": 0.0
          },
          {
            "feature": "flow_count",
            "baseline_risk": 0.4739195704460144,
            "counterfactual_risk": 0.4739195704460144,
            "risk_reduction": 0.0
          },
          {
            "feature": "packets_total",
            "baseline_risk": 0.4739195704460144,
            "counterfactual_risk": 0.4739195704460144,
            "risk_reduction": 0.0
          },
          {
            "feature": "unique_peer_count",
            "baseline_risk": 0.4739195704460144,
            "counterfactual_risk": 0.4739195704460144,
            "risk_reduction": 0.0
          },
          {
            "feature": "unique_dst_port_count",
            "baseline_risk": 0.4739195704460144,
            "counterfactual_risk": 0.4739195704460144,
            "risk_reduction": 0.0
          },
          {
            "feature": "tcp_ratio",
            "baseline_risk": 0.4739195704460144,
            "counterfactual_risk": 0.4739195704460144,
            "risk_reduction": 0.0
          },
          {
            "feature": "udp_ratio",
            "baseline_risk": 0.4739195704460144,
            "counterfactual_risk": 0.4739195704460144,
            "risk_reduction": 0.0
          },
          {
            "feature": "mean_duration",
            "baseline_risk": 0.4739195704460144,
            "counterfactual_risk": 0.4739195704460144,
            "risk_reduction": 0.0
          }
        ],
        "what_would_reduce_risk": [
          {
            "feature": "bytes_total",
            "baseline_risk": 0.4739195704460144,
            "counterfactual_risk": 0.4657967686653137,
            "risk_reduction": 0.008122801780700684
          },
          {
            "feature": "bytes_per_flow",
            "baseline_risk": 0.4739195704460144,
            "counterfactual_risk": 0.47370681166648865,
            "risk_reduction": 0.00021275877952575684
          }
        ],
        "baseline_risk": 0.4739195704460144,
        "n_rollouts": 4,
        "seed": 0,
        "occlusion_baseline": "zero in model feature space (training mean for normalized continuous features)",
        "interpretation": "Model sensitivity and attention; not proof of causality or calibrated confidence."
      },
      "decoded_stages": [
        1,
        1
      ],
      "stage_decoding": "crf_viterbi",
      "stage_transition_counts": {
        "illegal": 0,
        "evaluated": 1
      },
      "lead_time_seconds": 0.0,
      "warning_index": null,
      "critical_index": 1
    },
    {
      "scenario": "CIC-IDS2018::SYNTHETIC_FIXTURE_ONLY",
      "target": 0.0,
      "predicted_future_risk": 0.4738878607749939,
      "predictive_variance": 2.7094396500615403e-05,
      "explanation": {
        "target": "ensemble_mean_infiltration_probability_at_final_step",
        "gradient_x_input": [
          {
            "feature": "bytes_per_flow",
            "attribution": 0.0017275610007345676,
            "signed_attribution": -0.0007637562230229378
          },
          {
            "feature": "bytes_total",
            "attribution": 0.00020406789553817362,
            "signed_attribution": 7.955144951665716e-07
          },
          {
            "feature": "packet_count",
            "attribution": 0.0,
            "signed_attribution": 0.0
          },
          {
            "feature": "flow_count",
            "attribution": 0.0,
            "signed_attribution": 0.0
          },
          {
            "feature": "packets_total",
            "attribution": 0.0,
            "signed_attribution": 0.0
          },
          {
            "feature": "unique_peer_count",
            "attribution": 0.0,
            "signed_attribution": 0.0
          },
          {
            "feature": "unique_dst_port_count",
            "attribution": 0.0,
            "signed_attribution": 0.0
          },
          {
            "feature": "tcp_ratio",
            "attribution": 0.0,
            "signed_attribution": 0.0
          },
          {
            "feature": "udp_ratio",
            "attribution": 0.0,
            "signed_attribution": 0.0
          },
          {
            "feature": "mean_duration",
            "attribution": 0.0,
            "signed_attribution": 0.0
          }
        ],
        "temporal_attention": [
          {
            "window_index": 0,
            "timestamp": 1518566556.0,
            "attention": 0.5080949068069458
          },
          {
            "window_index": 1,
            "timestamp": 1518566557.0,
            "attention": 0.4919050931930542
          }
        ],
        "feature_occlusion": [
          {
            "feature": "bytes_total",
            "baseline_risk": 0.4738878607749939,
            "counterfactual_risk": 0.4658114016056061,
            "risk_reduction": 0.008076459169387817
          },
          {
            "feature": "bytes_per_flow",
            "baseline_risk": 0.4738878607749939,
            "counterfactual_risk": 0.47373509407043457,
            "risk_reduction": 0.00015276670455932617
          },
          {
            "feature": "packet_count",
            "baseline_risk": 0.4738878607749939,
            "counterfactual_risk": 0.4738878607749939,
            "risk_reduction": 0.0
          },
          {
            "feature": "flow_count",
            "baseline_risk": 0.4738878607749939,
            "counterfactual_risk": 0.4738878607749939,
            "risk_reduction": 0.0
          },
          {
            "feature": "packets_total",
            "baseline_risk": 0.4738878607749939,
            "counterfactual_risk": 0.4738878607749939,
            "risk_reduction": 0.0
          },
          {
            "feature": "unique_peer_count",
            "baseline_risk": 0.4738878607749939,
            "counterfactual_risk": 0.4738878607749939,
            "risk_reduction": 0.0
          },
          {
            "feature": "unique_dst_port_count",
            "baseline_risk": 0.4738878607749939,
            "counterfactual_risk": 0.4738878607749939,
            "risk_reduction": 0.0
          },
          {
            "feature": "tcp_ratio",
            "baseline_risk": 0.4738878607749939,
            "counterfactual_risk": 0.4738878607749939,
            "risk_reduction": 0.0
          },
          {
            "feature": "udp_ratio",
            "baseline_risk": 0.4738878607749939,
            "counterfactual_risk": 0.4738878607749939,
            "risk_reduction": 0.0
          },
          {
            "feature": "mean_duration",
            "baseline_risk": 0.4738878607749939,
            "counterfactual_risk": 0.4738878607749939,
            "risk_reduction": 0.0
          }
        ],
        "what_would_reduce_risk": [
          {
            "feature": "bytes_total",
            "baseline_risk": 0.4738878607749939,
            "counterfactual_risk": 0.4658114016056061,
            "risk_reduction": 0.008076459169387817
          },
          {
            "feature": "bytes_per_flow",
            "baseline_risk": 0.4738878607749939,
            "counterfactual_risk": 0.47373509407043457,
            "risk_reduction": 0.00015276670455932617
          }
        ],
        "baseline_risk": 0.4738878607749939,
        "n_rollouts": 4,
        "seed": 0,
        "occlusion_baseline": "zero in model feature space (training mean for normalized continuous features)",
        "interpretation": "Model sensitivity and attention; not proof of causality or calibrated confidence."
      },
      "decoded_stages": [
        1,
        1
      ],
      "stage_decoding": "crf_viterbi",
      "stage_transition_counts": {
        "illegal": 0,
        "evaluated": 1
      },
      "lead_time_seconds": 0.0,
      "warning_index": null,
      "critical_index": 0
    },
    {
      "scenario": "CIC-IDS2018::SYNTHETIC_FIXTURE_ONLY",
      "target": 0.0,
      "predicted_future_risk": 0.47385597229003906,
      "predictive_variance": 2.7086774935014546e-05,
      "explanation": {
        "target": "ensemble_mean_infiltration_probability_at_final_step",
        "gradient_x_input": [
          {
            "feature": "bytes_per_flow",
            "attribution": 0.0017372682923451066,
            "signed_attribution": -0.00077301065903157
          },
          {
            "feature": "bytes_total",
            "attribution": 0.0002077196550089866,
            "signed_attribution": -2.110381956299534e-06
          },
          {
            "feature": "packet_count",
            "attribution": 0.0,
            "signed_attribution": 0.0
          },
          {
            "feature": "flow_count",
            "attribution": 0.0,
            "signed_attribution": 0.0
          },
          {
            "feature": "packets_total",
            "attribution": 0.0,
            "signed_attribution": 0.0
          },
          {
            "feature": "unique_peer_count",
            "attribution": 0.0,
            "signed_attribution": 0.0
          },
          {
            "feature": "unique_dst_port_count",
            "attribution": 0.0,
            "signed_attribution": 0.0
          },
          {
            "feature": "tcp_ratio",
            "attribution": 0.0,
            "signed_attribution": 0.0
          },
          {
            "feature": "udp_ratio",
            "attribution": 0.0,
            "signed_attribution": 0.0
          },
          {
            "feature": "mean_duration",
            "attribution": 0.0,
            "signed_attribution": 0.0
          }
        ],
        "temporal_attention": [
          {
            "window_index": 0,
            "timestamp": 1518566557.0,
            "attention": 0.5080170035362244
          },
          {
            "window_index": 1,
            "timestamp": 1518566558.0,
            "attention": 0.49198299646377563
          }
        ],
        "feature_occlusion": [
          {
            "feature": "bytes_total",
            "baseline_risk": 0.47385597229003906,
            "counterfactual_risk": 0.46582508087158203,
            "risk_reduction": 0.008030891418457031
          },
          {
            "feature": "bytes_per_flow",
            "baseline_risk": 0.47385597229003906,
            "counterfactual_risk": 0.4737623333930969,
            "risk_reduction": 9.363889694213867e-05
          },
          {
            "feature": "packet_count",
            "baseline_risk": 0.47385597229003906,
            "counterfactual_risk": 0.47385597229003906,
            "risk_reduction": 0.0
          },
          {
            "feature": "flow_count",
            "baseline_risk": 0.47385597229003906,
            "counterfactual_risk": 0.47385597229003906,
            "risk_reduction": 0.0
          },
          {
            "feature": "packets_total",
            "baseline_risk": 0.47385597229003906,
            "counterfactual_risk": 0.47385597229003906,
            "risk_reduction": 0.0
          },
          {
            "feature": "unique_peer_count",
            "baseline_risk": 0.47385597229003906,
            "counterfactual_risk": 0.47385597229003906,
            "risk_reduction": 0.0
          },
          {
            "feature": "unique_dst_port_count",
            "baseline_risk": 0.47385597229003906,
            "counterfactual_risk": 0.47385597229003906,
            "risk_reduction": 0.0
          },
          {
            "feature": "tcp_ratio",
            "baseline_risk": 0.47385597229003906,
            "counterfactual_risk": 0.47385597229003906,
            "risk_reduction": 0.0
          },
          {
            "feature": "udp_ratio",
            "baseline_risk": 0.47385597229003906,
            "counterfactual_risk": 0.47385597229003906,
            "risk_reduction": 0.0
          },
          {
            "feature": "mean_duration",
            "baseline_risk": 0.47385597229003906,
            "counterfactual_risk": 0.47385597229003906,
            "risk_reduction": 0.0
          }
        ],
        "what_would_reduce_risk": [
          {
            "feature": "bytes_total",
            "baseline_risk": 0.47385597229003906,
            "counterfactual_risk": 0.46582508087158203,
            "risk_reduction": 0.008030891418457031
          },
          {
            "feature": "bytes_per_flow",
            "baseline_risk": 0.47385597229003906,
            "counterfactual_risk": 0.4737623333930969,
            "risk_reduction": 9.363889694213867e-05
          }
        ],
        "baseline_risk": 0.47385597229003906,
        "n_rollouts": 4,
        "seed": 0,
        "occlusion_baseline": "zero in model feature space (training mean for normalized continuous features)",
        "interpretation": "Model sensitivity and attention; not proof of causality or calibrated confidence."
      },
      "decoded_stages": [
        1,
        1
      ],
      "stage_decoding": "crf_viterbi",
      "stage_transition_counts": {
        "illegal": 0,
        "evaluated": 1
      },
      "lead_time_seconds": null,
      "warning_index": null,
      "critical_index": null
    },
    {
      "scenario": "CIC-IDS2018::SYNTHETIC_FIXTURE_ONLY",
      "target": 1.0,
      "predicted_future_risk": 0.4738239645957947,
      "predictive_variance": 2.7079786377726123e-05,
      "explanation": {
        "target": "ensemble_mean_infiltration_probability_at_final_step",
        "gradient_x_input": [
          {
            "feature": "bytes_per_flow",
            "attribution": 0.0017467294819653034,
            "signed_attribution": -0.0007819845341145992
          },
          {
            "feature": "bytes_total",
            "attribution": 0.00021147634834051132,
            "signed_attribution": -4.761439413414337e-06
          },
          {
            "feature": "packet_count",
            "attribution": 0.0,
            "signed_attribution": 0.0
          },
          {
            "feature": "flow_count",
            "attribution": 0.0,
            "signed_attribution": 0.0
          },
          {
            "feature": "packets_total",
            "attribution": 0.0,
            "signed_attribution": 0.0
          },
          {
            "feature": "unique_peer_count",
            "attribution": 0.0,
            "signed_attribution": 0.0
          },
          {
            "feature": "unique_dst_port_count",
            "attribution": 0.0,
            "signed_attribution": 0.0
          },
          {
            "feature": "tcp_ratio",
            "attribution": 0.0,
            "signed_attribution": 0.0
          },
          {
            "feature": "udp_ratio",
            "attribution": 0.0,
            "signed_attribution": 0.0
          },
          {
            "feature": "mean_duration",
            "attribution": 0.0,
            "signed_attribution": 0.0
          }
        ],
        "temporal_attention": [
          {
            "window_index": 0,
            "timestamp": 1518566558.0,
            "attention": 0.5079398155212402
          },
          {
            "window_index": 1,
            "timestamp": 1518566559.0,
            "attention": 0.49206018447875977
          }
        ],
        "feature_occlusion": [
          {
            "feature": "bytes_total",
            "baseline_risk": 0.4738239645957947,
            "counterfactual_risk": 0.4658377170562744,
            "risk_reduction": 0.007986247539520264
          },
          {
            "feature": "bytes_per_flow",
            "baseline_risk": 0.4738239645957947,
            "counterfactual_risk": 0.4737885296344757,
            "risk_reduction": 3.5434961318969727e-05
          },
          {
            "feature": "packet_count",
            "baseline_risk": 0.4738239645957947,
            "counterfactual_risk": 0.4738239645957947,
            "risk_reduction": 0.0
          },
          {
            "feature": "flow_count",
            "baseline_risk": 0.4738239645957947,
            "counterfactual_risk": 0.4738239645957947,
            "risk_reduction": 0.0
          },
          {
            "feature": "packets_total",
            "baseline_risk": 0.4738239645957947,
            "counterfactual_risk": 0.4738239645957947,
            "risk_reduction": 0.0
          },
          {
            "feature": "unique_peer_count",
            "baseline_risk": 0.4738239645957947,
            "counterfactual_risk": 0.4738239645957947,
            "risk_reduction": 0.0
          },
          {
            "feature": "unique_dst_port_count",
            "baseline_risk": 0.4738239645957947,
            "counterfactual_risk": 0.4738239645957947,
            "risk_reduction": 0.0
          },
          {
            "feature": "tcp_ratio",
            "baseline_risk": 0.4738239645957947,
            "counterfactual_risk": 0.4738239645957947,
            "risk_reduction": 0.0
          },
          {
            "feature": "udp_ratio",
            "baseline_risk": 0.4738239645957947,
            "counterfactual_risk": 0.4738239645957947,
            "risk_reduction": 0.0
          },
          {
            "feature": "mean_duration",
            "baseline_risk": 0.4738239645957947,
            "counterfactual_risk": 0.4738239645957947,
            "risk_reduction": 0.0
          }
        ],
        "what_would_reduce_risk": [
          {
            "feature": "bytes_total",
            "baseline_risk": 0.4738239645957947,
            "counterfactual_risk": 0.4658377170562744,
            "risk_reduction": 0.007986247539520264
          },
          {
            "feature": "bytes_per_flow",
            "baseline_risk": 0.4738239645957947,
            "counterfactual_risk": 0.4737885296344757,
            "risk_reduction": 3.5434961318969727e-05
          }
        ],
        "baseline_risk": 0.4738239645957947,
        "n_rollouts": 4,
        "seed": 0,
        "occlusion_baseline": "zero in model feature space (training mean for normalized continuous features)",
        "interpretation": "Model sensitivity and attention; not proof of causality or calibrated confidence."
      },
      "decoded_stages": [
        1,
        1
      ],
      "stage_decoding": "crf_viterbi",
      "stage_transition_counts": {
        "illegal": 0,
        "evaluated": 1
      },
      "lead_time_seconds": 0.0,
      "warning_index": null,
      "critical_index": 2
    },
    {
      "scenario": "CIC-IDS2018::SYNTHETIC_FIXTURE_ONLY",
      "target": 0.0,
      "predicted_future_risk": 0.4737917482852936,
      "predictive_variance": 2.707257772271987e-05,
      "explanation": {
        "target": "ensemble_mean_infiltration_probability_at_final_step",
        "gradient_x_input": [
          {
            "feature": "bytes_per_flow",
            "attribution": 0.0017559395637363195,
            "signed_attribution": -0.0007906752871349454
          },
          {
            "feature": "bytes_total",
            "attribution": 0.00021579934400506318,
            "signed_attribution": -7.155280400183983e-06
          },
          {
            "feature": "packet_count",
            "attribution": 0.0,
            "signed_attribution": 0.0
          },
          {
            "feature": "flow_count",
            "attribution": 0.0,
            "signed_attribution": 0.0
          },
          {
            "feature": "packets_total",
            "attribution": 0.0,
            "signed_attribution": 0.0
          },
          {
            "feature": "unique_peer_count",
            "attribution": 0.0,
            "signed_attribution": 0.0
          },
          {
            "feature": "unique_dst_port_count",
            "attribution": 0.0,
            "signed_attribution": 0.0
          },
          {
            "feature": "tcp_ratio",
            "attribution": 0.0,
            "signed_attribution": 0.0
          },
          {
            "feature": "udp_ratio",
            "attribution": 0.0,
            "signed_attribution": 0.0
          },
          {
            "feature": "mean_duration",
            "attribution": 0.0,
            "signed_attribution": 0.0
          }
        ],
        "temporal_attention": [
          {
            "window_index": 0,
            "timestamp": 1518566559.0,
            "attention": 0.5078632831573486
          },
          {
            "window_index": 1,
            "timestamp": 1518566560.0,
            "attention": 0.49213671684265137
          }
        ],
        "feature_occlusion": [
          {
            "feature": "bytes_total",
            "baseline_risk": 0.4737917482852936,
            "counterfactual_risk": 0.46584945917129517,
            "risk_reduction": 0.007942289113998413
          },
          {
            "feature": "packet_count",
            "baseline_risk": 0.4737917482852936,
            "counterfactual_risk": 0.4737917482852936,
            "risk_reduction": 0.0
          },
          {
            "feature": "flow_count",
            "baseline_risk": 0.4737917482852936,
            "counterfactual_risk": 0.4737917482852936,
            "risk_reduction": 0.0
          },
          {
            "feature": "packets_total",
            "baseline_risk": 0.4737917482852936,
            "counterfactual_risk": 0.4737917482852936,
            "risk_reduction": 0.0
          },
          {
            "feature": "unique_peer_count",
            "baseline_risk": 0.4737917482852936,
            "counterfactual_risk": 0.4737917482852936,
            "risk_reduction": 0.0
          },
          {
            "feature": "unique_dst_port_count",
            "baseline_risk": 0.4737917482852936,
            "counterfactual_risk": 0.4737917482852936,
            "risk_reduction": 0.0
          },
          {
            "feature": "tcp_ratio",
            "baseline_risk": 0.4737917482852936,
            "counterfactual_risk": 0.4737917482852936,
            "risk_reduction": 0.0
          },
          {
            "feature": "udp_ratio",
            "baseline_risk": 0.4737917482852936,
            "counterfactual_risk": 0.4737917482852936,
            "risk_reduction": 0.0
          },
          {
            "feature": "mean_duration",
            "baseline_risk": 0.4737917482852936,
            "counterfactual_risk": 0.4737917482852936,
            "risk_reduction": 0.0
          },
          {
            "feature": "mean_iat",
            "baseline_risk": 0.4737917482852936,
            "counterfactual_risk": 0.4737917482852936,
            "risk_reduction": 0.0
          }
        ],
        "what_would_reduce_risk": [
          {
            "feature": "bytes_total",
            "baseline_risk": 0.4737917482852936,
            "counterfactual_risk": 0.46584945917129517,
            "risk_reduction": 0.007942289113998413
          }
        ],
        "baseline_risk": 0.4737917482852936,
        "n_rollouts": 4,
        "seed": 0,
        "occlusion_baseline": "zero in model feature space (training mean for normalized continuous features)",
        "interpretation": "Model sensitivity and attention; not proof of causality or calibrated confidence."
      },
      "decoded_stages": [
        1,
        1
      ],
      "stage_decoding": "crf_viterbi",
      "stage_transition_counts": {
        "illegal": 0,
        "evaluated": 1
      },
      "lead_time_seconds": 0.0,
      "warning_index": null,
      "critical_index": 1
    },
    {
      "scenario": "CIC-IDS2018::SYNTHETIC_FIXTURE_ONLY",
      "target": 0.0,
      "predicted_future_risk": 0.4737595021724701,
      "predictive_variance": 2.7065643735113554e-05,
      "explanation": {
        "target": "ensemble_mean_infiltration_probability_at_final_step",
        "gradient_x_input": [
          {
            "feature": "bytes_per_flow",
            "attribution": 0.001764909247867763,
            "signed_attribution": -0.0007990930462256074
          },
          {
            "feature": "bytes_total",
            "attribution": 0.0002203991898568347,
            "signed_attribution": -9.304905688622966e-06
          },
          {
            "feature": "packet_count",
            "attribution": 0.0,
            "signed_attribution": 0.0
          },
          {
            "feature": "flow_count",
            "attribution": 0.0,
            "signed_attribution": 0.0
          },
          {
            "feature": "packets_total",
            "attribution": 0.0,
            "signed_attribution": 0.0
          },
          {
            "feature": "unique_peer_count",
            "attribution": 0.0,
            "signed_attribution": 0.0
          },
          {
            "feature": "unique_dst_port_count",
            "attribution": 0.0,
            "signed_attribution": 0.0
          },
          {
            "feature": "tcp_ratio",
            "attribution": 0.0,
            "signed_attribution": 0.0
          },
          {
            "feature": "udp_ratio",
            "attribution": 0.0,
            "signed_attribution": 0.0
          },
          {
            "feature": "mean_duration",
            "attribution": 0.0,
            "signed_attribution": 0.0
          }
        ],
        "temporal_attention": [
          {
            "window_index": 0,
            "timestamp": 1518566560.0,
            "attention": 0.5077875852584839
          },
          {
            "window_index": 1,
            "timestamp": 1518566561.0,
            "attention": 0.4922124147415161
          }
        ],
        "feature_occlusion": [
          {
            "feature": "bytes_total",
            "baseline_risk": 0.4737595021724701,
            "counterfactual_risk": 0.4658602178096771,
            "risk_reduction": 0.007899284362792969
          },
          {
            "feature": "packet_count",
            "baseline_risk": 0.4737595021724701,
            "counterfactual_risk": 0.4737595021724701,
            "risk_reduction": 0.0
          },
          {
            "feature": "flow_count",
            "baseline_risk": 0.4737595021724701,
            "counterfactual_risk": 0.4737595021724701,
            "risk_reduction": 0.0
          },
          {
            "feature": "packets_total",
            "baseline_risk": 0.4737595021724701,
            "counterfactual_risk": 0.4737595021724701,
            "risk_reduction": 0.0
          },
          {
            "feature": "unique_peer_count",
            "baseline_risk": 0.4737595021724701,
            "counterfactual_risk": 0.4737595021724701,
            "risk_reduction": 0.0
          },
          {
            "feature": "unique_dst_port_count",
            "baseline_risk": 0.4737595021724701,
            "counterfactual_risk": 0.4737595021724701,
            "risk_reduction": 0.0
          },
          {
            "feature": "tcp_ratio",
            "baseline_risk": 0.4737595021724701,
            "counterfactual_risk": 0.4737595021724701,
            "risk_reduction": 0.0
          },
          {
            "feature": "udp_ratio",
            "baseline_risk": 0.4737595021724701,
            "counterfactual_risk": 0.4737595021724701,
            "risk_reduction": 0.0
          },
          {
            "feature": "mean_duration",
            "baseline_risk": 0.4737595021724701,
            "counterfactual_risk": 0.4737595021724701,
            "risk_reduction": 0.0
          },
          {
            "feature": "mean_iat",
            "baseline_risk": 0.4737595021724701,
            "counterfactual_risk": 0.4737595021724701,
            "risk_reduction": 0.0
          }
        ],
        "what_would_reduce_risk": [
          {
            "feature": "bytes_total",
            "baseline_risk": 0.4737595021724701,
            "counterfactual_risk": 0.4658602178096771,
            "risk_reduction": 0.007899284362792969
          }
        ],
        "baseline_risk": 0.4737595021724701,
        "n_rollouts": 4,
        "seed": 0,
        "occlusion_baseline": "zero in model feature space (training mean for normalized continuous features)",
        "interpretation": "Model sensitivity and attention; not proof of causality or calibrated confidence."
      },
      "decoded_stages": [
        1,
        1
      ],
      "stage_decoding": "crf_viterbi",
      "stage_transition_counts": {
        "illegal": 0,
        "evaluated": 1
      },
      "lead_time_seconds": 0.0,
      "warning_index": null,
      "critical_index": 0
    },
    {
      "scenario": "CIC-IDS2018::SYNTHETIC_FIXTURE_ONLY",
      "target": 0.0,
      "predicted_future_risk": 0.4737270474433899,
      "predictive_variance": 2.7058815248892643e-05,
      "explanation": {
        "target": "ensemble_mean_infiltration_probability_at_final_step",
        "gradient_x_input": [
          {
            "feature": "bytes_per_flow",
            "attribution": 0.00177363574039191,
            "signed_attribution": -0.0008072374621406198
          },
          {
            "feature": "bytes_total",
            "attribution": 0.00022511377756018192,
            "signed_attribution": -1.1206199815205764e-05
          },
          {
            "feature": "packet_count",
            "attribution": 0.0,
            "signed_attribution": 0.0
          },
          {
            "feature": "flow_count",
            "attribution": 0.0,
            "signed_attribution": 0.0
          },
          {
            "feature": "packets_total",
            "attribution": 0.0,
            "signed_attribution": 0.0
          },
          {
            "feature": "unique_peer_count",
            "attribution": 0.0,
            "signed_attribution": 0.0
          },
          {
            "feature": "unique_dst_port_count",
            "attribution": 0.0,
            "signed_attribution": 0.0
          },
          {
            "feature": "tcp_ratio",
            "attribution": 0.0,
            "signed_attribution": 0.0
          },
          {
            "feature": "udp_ratio",
            "attribution": 0.0,
            "signed_attribution": 0.0
          },
          {
            "feature": "mean_duration",
            "attribution": 0.0,
            "signed_attribution": 0.0
          }
        ],
        "temporal_attention": [
          {
            "window_index": 0,
            "timestamp": 1518566561.0,
            "attention": 0.5077125430107117
          },
          {
            "window_index": 1,
            "timestamp": 1518566562.0,
            "attention": 0.49228742718696594
          }
        ],
        "feature_occlusion": [
          {
            "feature": "bytes_total",
            "baseline_risk": 0.4737270474433899,
            "counterfactual_risk": 0.46587005257606506,
            "risk_reduction": 0.007856994867324829
          },
          {
            "feature": "packet_count",
            "baseline_risk": 0.4737270474433899,
            "counterfactual_risk": 0.4737270474433899,
            "risk_reduction": 0.0
          },
          {
            "feature": "flow_count",
            "baseline_risk": 0.4737270474433899,
            "counterfactual_risk": 0.4737270474433899,
            "risk_reduction": 0.0
          },
          {
            "feature": "packets_total",
            "baseline_risk": 0.4737270474433899,
            "counterfactual_risk": 0.4737270474433899,
            "risk_reduction": 0.0
          },
          {
            "feature": "unique_peer_count",
            "baseline_risk": 0.4737270474433899,
            "counterfactual_risk": 0.4737270474433899,
            "risk_reduction": 0.0
          },
          {
            "feature": "unique_dst_port_count",
            "baseline_risk": 0.4737270474433899,
            "counterfactual_risk": 0.4737270474433899,
            "risk_reduction": 0.0
          },
          {
            "feature": "tcp_ratio",
            "baseline_risk": 0.4737270474433899,
            "counterfactual_risk": 0.4737270474433899,
            "risk_reduction": 0.0
          },
          {
            "feature": "udp_ratio",
            "baseline_risk": 0.4737270474433899,
            "counterfactual_risk": 0.4737270474433899,
            "risk_reduction": 0.0
          },
          {
            "feature": "mean_duration",
            "baseline_risk": 0.4737270474433899,
            "counterfactual_risk": 0.4737270474433899,
            "risk_reduction": 0.0
          },
          {
            "feature": "mean_iat",
            "baseline_risk": 0.4737270474433899,
            "counterfactual_risk": 0.4737270474433899,
            "risk_reduction": 0.0
          }
        ],
        "what_would_reduce_risk": [
          {
            "feature": "bytes_total",
            "baseline_risk": 0.4737270474433899,
            "counterfactual_risk": 0.46587005257606506,
            "risk_reduction": 0.007856994867324829
          }
        ],
        "baseline_risk": 0.4737270474433899,
        "n_rollouts": 4,
        "seed": 0,
        "occlusion_baseline": "zero in model feature space (training mean for normalized continuous features)",
        "interpretation": "Model sensitivity and attention; not proof of causality or calibrated confidence."
      },
      "decoded_stages": [
        1,
        1
      ],
      "stage_decoding": "crf_viterbi",
      "stage_transition_counts": {
        "illegal": 0,
        "evaluated": 1
      },
      "lead_time_seconds": null,
      "warning_index": null,
      "critical_index": null
    },
    {
      "scenario": "CIC-IDS2018::SYNTHETIC_FIXTURE_ONLY",
      "target": 1.0,
      "predicted_future_risk": 0.4736946225166321,
      "predictive_variance": 2.7052126824855804e-05,
      "explanation": {
        "target": "ensemble_mean_infiltration_probability_at_final_step",
        "gradient_x_input": [
          {
            "feature": "bytes_per_flow",
            "attribution": 0.0017821236979216337,
            "signed_attribution": -0.0008151137153618038
          },
          {
            "feature": "bytes_total",
            "attribution": 0.00022993328457232565,
            "signed_attribution": -1.2874406820628792e-05
          },
          {
            "feature": "packet_count",
            "attribution": 0.0,
            "signed_attribution": 0.0
          },
          {
            "feature": "flow_count",
            "attribution": 0.0,
            "signed_attribution": 0.0
          },
          {
            "feature": "packets_total",
            "attribution": 0.0,
            "signed_attribution": 0.0
          },
          {
            "feature": "unique_peer_count",
            "attribution": 0.0,
            "signed_attribution": 0.0
          },
          {
            "feature": "unique_dst_port_count",
            "attribution": 0.0,
            "signed_attribution": 0.0
          },
          {
            "feature": "tcp_ratio",
            "attribution": 0.0,
            "signed_attribution": 0.0
          },
          {
            "feature": "udp_ratio",
            "attribution": 0.0,
            "signed_attribution": 0.0
          },
          {
            "feature": "mean_duration",
            "attribution": 0.0,
            "signed_attribution": 0.0
          }
        ],
        "temporal_attention": [
          {
            "window_index": 0,
            "timestamp": 1518566562.0,
            "attention": 0.5076382160186768
          },
          {
            "window_index": 1,
            "timestamp": 1518566563.0,
            "attention": 0.49236175417900085
          }
        ],
        "feature_occlusion": [
          {
            "feature": "bytes_total",
            "baseline_risk": 0.4736946225166321,
            "counterfactual_risk": 0.46587908267974854,
            "risk_reduction": 0.007815539836883545
          },
          {
            "feature": "packet_count",
            "baseline_risk": 0.4736946225166321,
            "counterfactual_risk": 0.4736946225166321,
            "risk_reduction": 0.0
          },
          {
            "feature": "flow_count",
            "baseline_risk": 0.4736946225166321,
            "counterfactual_risk": 0.4736946225166321,
            "risk_reduction": 0.0
          },
          {
            "feature": "packets_total",
            "baseline_risk": 0.4736946225166321,
            "counterfactual_risk": 0.4736946225166321,
            "risk_reduction": 0.0
          },
          {
            "feature": "unique_peer_count",
            "baseline_risk": 0.4736946225166321,
            "counterfactual_risk": 0.4736946225166321,
            "risk_reduction": 0.0
          },
          {
            "feature": "unique_dst_port_count",
            "baseline_risk": 0.4736946225166321,
            "counterfactual_risk": 0.4736946225166321,
            "risk_reduction": 0.0
          },
          {
            "feature": "tcp_ratio",
            "baseline_risk": 0.4736946225166321,
            "counterfactual_risk": 0.4736946225166321,
            "risk_reduction": 0.0
          },
          {
            "feature": "udp_ratio",
            "baseline_risk": 0.4736946225166321,
            "counterfactual_risk": 0.4736946225166321,
            "risk_reduction": 0.0
          },
          {
            "feature": "mean_duration",
            "baseline_risk": 0.4736946225166321,
            "counterfactual_risk": 0.4736946225166321,
            "risk_reduction": 0.0
          },
          {
            "feature": "mean_iat",
            "baseline_risk": 0.4736946225166321,
            "counterfactual_risk": 0.4736946225166321,
            "risk_reduction": 0.0
          }
        ],
        "what_would_reduce_risk": [
          {
            "feature": "bytes_total",
            "baseline_risk": 0.4736946225166321,
            "counterfactual_risk": 0.46587908267974854,
            "risk_reduction": 0.007815539836883545
          }
        ],
        "baseline_risk": 0.4736946225166321,
        "n_rollouts": 4,
        "seed": 0,
        "occlusion_baseline": "zero in model feature space (training mean for normalized continuous features)",
        "interpretation": "Model sensitivity and attention; not proof of causality or calibrated confidence."
      },
      "decoded_stages": [
        1,
        1
      ],
      "stage_decoding": "crf_viterbi",
      "stage_transition_counts": {
        "illegal": 0,
        "evaluated": 1
      },
      "lead_time_seconds": 0.0,
      "warning_index": null,
      "critical_index": 2
    },
    {
      "scenario": "CIC-IDS2018::SYNTHETIC_FIXTURE_ONLY",
      "target": 0.0,
      "predicted_future_risk": 0.4736621379852295,
      "predictive_variance": 2.7045149181503803e-05,
      "explanation": {
        "target": "ensemble_mean_infiltration_probability_at_final_step",
        "gradient_x_input": [
          {
            "feature": "bytes_per_flow",
            "attribution": 0.0017903714906424284,
            "signed_attribution": -0.0008227203506976366
          },
          {
            "feature": "bytes_total",
            "attribution": 0.00023486251302529126,
            "signed_attribution": -1.4305669537861831e-05
          },
          {
            "feature": "packet_count",
            "attribution": 0.0,
            "signed_attribution": 0.0
          },
          {
            "feature": "flow_count",
            "attribution": 0.0,
            "signed_attribution": 0.0
          },
          {
            "feature": "packets_total",
            "attribution": 0.0,
            "signed_attribution": 0.0
          },
          {
            "feature": "unique_peer_count",
            "attribution": 0.0,
            "signed_attribution": 0.0
          },
          {
            "feature": "unique_dst_port_count",
            "attribution": 0.0,
            "signed_attribution": 0.0
          },
          {
            "feature": "tcp_ratio",
            "attribution": 0.0,
            "signed_attribution": 0.0
          },
          {
            "feature": "udp_ratio",
            "attribution": 0.0,
            "signed_attribution": 0.0
          },
          {
            "feature": "mean_duration",
            "attribution": 0.0,
            "signed_attribution": 0.0
          }
        ],
        "temporal_attention": [
          {
            "window_index": 0,
            "timestamp": 1518566563.0,
            "attention": 0.5075647234916687
          },
          {
            "window_index": 1,
            "timestamp": 1518566564.0,
            "attention": 0.4924352765083313
          }
        ],
        "feature_occlusion": [
          {
            "feature": "bytes_total",
            "baseline_risk": 0.4736621379852295,
            "counterfactual_risk": 0.4658871293067932,
            "risk_reduction": 0.007775008678436279
          },
          {
            "feature": "packet_count",
            "baseline_risk": 0.4736621379852295,
            "counterfactual_risk": 0.4736621379852295,
            "risk_reduction": 0.0
          },
          {
            "feature": "flow_count",
            "baseline_risk": 0.4736621379852295,
            "counterfactual_risk": 0.4736621379852295,
            "risk_reduction": 0.0
          },
          {
            "feature": "packets_total",
            "baseline_risk": 0.4736621379852295,
            "counterfactual_risk": 0.4736621379852295,
            "risk_reduction": 0.0
          },
          {
            "feature": "unique_peer_count",
            "baseline_risk": 0.4736621379852295,
            "counterfactual_risk": 0.4736621379852295,
            "risk_reduction": 0.0
          },
          {
            "feature": "unique_dst_port_count",
            "baseline_risk": 0.4736621379852295,
            "counterfactual_risk": 0.4736621379852295,
            "risk_reduction": 0.0
          },
          {
            "feature": "tcp_ratio",
            "baseline_risk": 0.4736621379852295,
            "counterfactual_risk": 0.4736621379852295,
            "risk_reduction": 0.0
          },
          {
            "feature": "udp_ratio",
            "baseline_risk": 0.4736621379852295,
            "counterfactual_risk": 0.4736621379852295,
            "risk_reduction": 0.0
          },
          {
            "feature": "mean_duration",
            "baseline_risk": 0.4736621379852295,
            "counterfactual_risk": 0.4736621379852295,
            "risk_reduction": 0.0
          },
          {
            "feature": "mean_iat",
            "baseline_risk": 0.4736621379852295,
            "counterfactual_risk": 0.4736621379852295,
            "risk_reduction": 0.0
          }
        ],
        "what_would_reduce_risk": [
          {
            "feature": "bytes_total",
            "baseline_risk": 0.4736621379852295,
            "counterfactual_risk": 0.4658871293067932,
            "risk_reduction": 0.007775008678436279
          }
        ],
        "baseline_risk": 0.4736621379852295,
        "n_rollouts": 4,
        "seed": 0,
        "occlusion_baseline": "zero in model feature space (training mean for normalized continuous features)",
        "interpretation": "Model sensitivity and attention; not proof of causality or calibrated confidence."
      },
      "decoded_stages": [
        1,
        1
      ],
      "stage_decoding": "crf_viterbi",
      "stage_transition_counts": {
        "illegal": 0,
        "evaluated": 1
      },
      "lead_time_seconds": 0.0,
      "warning_index": null,
      "critical_index": 1
    },
    {
      "scenario": "CIC-IDS2018::SYNTHETIC_FIXTURE_ONLY",
      "target": 0.0,
      "predicted_future_risk": 0.47362959384918213,
      "predictive_variance": 2.7038753614760935e-05,
      "explanation": {
        "target": "ensemble_mean_infiltration_probability_at_final_step",
        "gradient_x_input": [
          {
            "feature": "bytes_per_flow",
            "attribution": 0.0017983868019655347,
            "signed_attribution": -0.0008300687768496573
          },
          {
            "feature": "bytes_total",
            "attribution": 0.00023989741748664528,
            "signed_attribution": -1.5507759599131532e-05
          },
          {
            "feature": "packet_count",
            "attribution": 0.0,
            "signed_attribution": 0.0
          },
          {
            "feature": "flow_count",
            "attribution": 0.0,
            "signed_attribution": 0.0
          },
          {
            "feature": "packets_total",
            "attribution": 0.0,
            "signed_attribution": 0.0
          },
          {
            "feature": "unique_peer_count",
            "attribution": 0.0,
            "signed_attribution": 0.0
          },
          {
            "feature": "unique_dst_port_count",
            "attribution": 0.0,
            "signed_attribution": 0.0
          },
          {
            "feature": "tcp_ratio",
            "attribution": 0.0,
            "signed_attribution": 0.0
          },
          {
            "feature": "udp_ratio",
            "attribution": 0.0,
            "signed_attribution": 0.0
          },
          {
            "feature": "mean_duration",
            "attribution": 0.0,
            "signed_attribution": 0.0
          }
        ],
        "temporal_attention": [
          {
            "window_index": 0,
            "timestamp": 1518566564.0,
            "attention": 0.5074918270111084
          },
          {
            "window_index": 1,
            "timestamp": 1518566565.0,
            "attention": 0.4925081133842468
          }
        ],
        "feature_occlusion": [
          {
            "feature": "bytes_total",
            "baseline_risk": 0.47362959384918213,
            "counterfactual_risk": 0.46589434146881104,
            "risk_reduction": 0.007735252380371094
          },
          {
            "feature": "packet_count",
            "baseline_risk": 0.47362959384918213,
            "counterfactual_risk": 0.47362959384918213,
            "risk_reduction": 0.0
          },
          {
            "feature": "flow_count",
            "baseline_risk": 0.47362959384918213,
            "counterfactual_risk": 0.47362959384918213,
            "risk_reduction": 0.0
          },
          {
            "feature": "packets_total",
            "baseline_risk": 0.47362959384918213,
            "counterfactual_risk": 0.47362959384918213,
            "risk_reduction": 0.0
          },
          {
            "feature": "unique_peer_count",
            "baseline_risk": 0.47362959384918213,
            "counterfactual_risk": 0.47362959384918213,
            "risk_reduction": 0.0
          },
          {
            "feature": "unique_dst_port_count",
            "baseline_risk": 0.47362959384918213,
            "counterfactual_risk": 0.47362959384918213,
            "risk_reduction": 0.0
          },
          {
            "feature": "tcp_ratio",
            "baseline_risk": 0.47362959384918213,
            "counterfactual_risk": 0.47362959384918213,
            "risk_reduction": 0.0
          },
          {
            "feature": "udp_ratio",
            "baseline_risk": 0.47362959384918213,
            "counterfactual_risk": 0.47362959384918213,
            "risk_reduction": 0.0
          },
          {
            "feature": "mean_duration",
            "baseline_risk": 0.47362959384918213,
            "counterfactual_risk": 0.47362959384918213,
            "risk_reduction": 0.0
          },
          {
            "feature": "mean_iat",
            "baseline_risk": 0.47362959384918213,
            "counterfactual_risk": 0.47362959384918213,
            "risk_reduction": 0.0
          }
        ],
        "what_would_reduce_risk": [
          {
            "feature": "bytes_total",
            "baseline_risk": 0.47362959384918213,
            "counterfactual_risk": 0.46589434146881104,
            "risk_reduction": 0.007735252380371094
          }
        ],
        "baseline_risk": 0.47362959384918213,
        "n_rollouts": 4,
        "seed": 0,
        "occlusion_baseline": "zero in model feature space (training mean for normalized continuous features)",
        "interpretation": "Model sensitivity and attention; not proof of causality or calibrated confidence."
      },
      "decoded_stages": [
        1,
        1
      ],
      "stage_decoding": "crf_viterbi",
      "stage_transition_counts": {
        "illegal": 0,
        "evaluated": 1
      },
      "lead_time_seconds": 0.0,
      "warning_index": null,
      "critical_index": 0
    },
    {
      "scenario": "CIC-IDS2018::SYNTHETIC_FIXTURE_ONLY",
      "target": 0.0,
      "predicted_future_risk": 0.47359704971313477,
      "predictive_variance": 2.7032445359509438e-05,
      "explanation": {
        "target": "ensemble_mean_infiltration_probability_at_final_step",
        "gradient_x_input": [
          {
            "feature": "bytes_per_flow",
            "attribution": 0.0018061716109514236,
            "signed_attribution": -0.0008371591102331877
          },
          {
            "feature": "bytes_total",
            "attribution": 0.0002450335305184126,
            "signed_attribution": -1.6487620086991228e-05
          },
          {
            "feature": "packet_count",
            "attribution": 0.0,
            "signed_attribution": 0.0
          },
          {
            "feature": "flow_count",
            "attribution": 0.0,
            "signed_attribution": 0.0
          },
          {
            "feature": "packets_total",
            "attribution": 0.0,
            "signed_attribution": 0.0
          },
          {
            "feature": "unique_peer_count",
            "attribution": 0.0,
            "signed_attribution": 0.0
          },
          {
            "feature": "unique_dst_port_count",
            "attribution": 0.0,
            "signed_attribution": 0.0
          },
          {
            "feature": "tcp_ratio",
            "attribution": 0.0,
            "signed_attribution": 0.0
          },
          {
            "feature": "udp_ratio",
            "attribution": 0.0,
            "signed_attribution": 0.0
          },
          {
            "feature": "mean_duration",
            "attribution": 0.0,
            "signed_attribution": 0.0
          }
        ],
        "temporal_attention": [
          {
            "window_index": 0,
            "timestamp": 1518566565.0,
            "attention": 0.507419764995575
          },
          {
            "window_index": 1,
            "timestamp": 1518566566.0,
            "attention": 0.4925802946090698
          }
        ],
        "feature_occlusion": [
          {
            "feature": "bytes_total",
            "baseline_risk": 0.47359704971313477,
            "counterfactual_risk": 0.465900719165802,
            "risk_reduction": 0.007696330547332764
          },
          {
            "feature": "packet_count",
            "baseline_risk": 0.47359704971313477,
            "counterfactual_risk": 0.47359704971313477,
            "risk_reduction": 0.0
          },
          {
            "feature": "flow_count",
            "baseline_risk": 0.47359704971313477,
            "counterfactual_risk": 0.47359704971313477,
            "risk_reduction": 0.0
          },
          {
            "feature": "packets_total",
            "baseline_risk": 0.47359704971313477,
            "counterfactual_risk": 0.47359704971313477,
            "risk_reduction": 0.0
          },
          {
            "feature": "unique_peer_count",
            "baseline_risk": 0.47359704971313477,
            "counterfactual_risk": 0.47359704971313477,
            "risk_reduction": 0.0
          },
          {
            "feature": "unique_dst_port_count",
            "baseline_risk": 0.47359704971313477,
            "counterfactual_risk": 0.47359704971313477,
            "risk_reduction": 0.0
          },
          {
            "feature": "tcp_ratio",
            "baseline_risk": 0.47359704971313477,
            "counterfactual_risk": 0.47359704971313477,
            "risk_reduction": 0.0
          },
          {
            "feature": "udp_ratio",
            "baseline_risk": 0.47359704971313477,
            "counterfactual_risk": 0.47359704971313477,
            "risk_reduction": 0.0
          },
          {
            "feature": "mean_duration",
            "baseline_risk": 0.47359704971313477,
            "counterfactual_risk": 0.47359704971313477,
            "risk_reduction": 0.0
          },
          {
            "feature": "mean_iat",
            "baseline_risk": 0.47359704971313477,
            "counterfactual_risk": 0.47359704971313477,
            "risk_reduction": 0.0
          }
        ],
        "what_would_reduce_risk": [
          {
            "feature": "bytes_total",
            "baseline_risk": 0.47359704971313477,
            "counterfactual_risk": 0.465900719165802,
            "risk_reduction": 0.007696330547332764
          }
        ],
        "baseline_risk": 0.47359704971313477,
        "n_rollouts": 4,
        "seed": 0,
        "occlusion_baseline": "zero in model feature space (training mean for normalized continuous features)",
        "interpretation": "Model sensitivity and attention; not proof of causality or calibrated confidence."
      },
      "decoded_stages": [
        1,
        1
      ],
      "stage_decoding": "crf_viterbi",
      "stage_transition_counts": {
        "illegal": 0,
        "evaluated": 1
      },
      "lead_time_seconds": null,
      "warning_index": null,
      "critical_index": null
    },
    {
      "scenario": "CIC-IDS2018::SYNTHETIC_FIXTURE_ONLY",
      "target": 1.0,
      "predicted_future_risk": 0.4735645055770874,
      "predictive_variance": 2.7026086172554642e-05,
      "explanation": {
        "target": "ensemble_mean_infiltration_probability_at_final_step",
        "gradient_x_input": [
          {
            "feature": "bytes_per_flow",
            "attribution": 0.001813723472878337,
            "signed_attribution": -0.0008439908851869404
          },
          {
            "feature": "bytes_total",
            "attribution": 0.000250274024438113,
            "signed_attribution": -1.7245698472834192e-05
          },
          {
            "feature": "packet_count",
            "attribution": 0.0,
            "signed_attribution": 0.0
          },
          {
            "feature": "flow_count",
            "attribution": 0.0,
            "signed_attribution": 0.0
          },
          {
            "feature": "packets_total",
            "attribution": 0.0,
            "signed_attribution": 0.0
          },
          {
            "feature": "unique_peer_count",
            "attribution": 0.0,
            "signed_attribution": 0.0
          },
          {
            "feature": "unique_dst_port_count",
            "attribution": 0.0,
            "signed_attribution": 0.0
          },
          {
            "feature": "tcp_ratio",
            "attribution": 0.0,
            "signed_attribution": 0.0
          },
          {
            "feature": "udp_ratio",
            "attribution": 0.0,
            "signed_attribution": 0.0
          },
          {
            "feature": "mean_duration",
            "attribution": 0.0,
            "signed_attribution": 0.0
          }
        ],
        "temporal_attention": [
          {
            "window_index": 0,
            "timestamp": 1518566566.0,
            "attention": 0.5073482990264893
          },
          {
            "window_index": 1,
            "timestamp": 1518566567.0,
            "attention": 0.49265173077583313
          }
        ],
        "feature_occlusion": [
          {
            "feature": "bytes_total",
            "baseline_risk": 0.4735645055770874,
            "counterfactual_risk": 0.4659062623977661,
            "risk_reduction": 0.007658243179321289
          },
          {
            "feature": "packet_count",
            "baseline_risk": 0.4735645055770874,
            "counterfactual_risk": 0.4735645055770874,
            "risk_reduction": 0.0
          },
          {
            "feature": "flow_count",
            "baseline_risk": 0.4735645055770874,
            "counterfactual_risk": 0.4735645055770874,
            "risk_reduction": 0.0
          },
          {
            "feature": "packets_total",
            "baseline_risk": 0.4735645055770874,
            "counterfactual_risk": 0.4735645055770874,
            "risk_reduction": 0.0
          },
          {
            "feature": "unique_peer_count",
            "baseline_risk": 0.4735645055770874,
            "counterfactual_risk": 0.4735645055770874,
            "risk_reduction": 0.0
          },
          {
            "feature": "unique_dst_port_count",
            "baseline_risk": 0.4735645055770874,
            "counterfactual_risk": 0.4735645055770874,
            "risk_reduction": 0.0
          },
          {
            "feature": "tcp_ratio",
            "baseline_risk": 0.4735645055770874,
            "counterfactual_risk": 0.4735645055770874,
            "risk_reduction": 0.0
          },
          {
            "feature": "udp_ratio",
            "baseline_risk": 0.4735645055770874,
            "counterfactual_risk": 0.4735645055770874,
            "risk_reduction": 0.0
          },
          {
            "feature": "mean_duration",
            "baseline_risk": 0.4735645055770874,
            "counterfactual_risk": 0.4735645055770874,
            "risk_reduction": 0.0
          },
          {
            "feature": "mean_iat",
            "baseline_risk": 0.4735645055770874,
            "counterfactual_risk": 0.4735645055770874,
            "risk_reduction": 0.0
          }
        ],
        "what_would_reduce_risk": [
          {
            "feature": "bytes_total",
            "baseline_risk": 0.4735645055770874,
            "counterfactual_risk": 0.4659062623977661,
            "risk_reduction": 0.007658243179321289
          }
        ],
        "baseline_risk": 0.4735645055770874,
        "n_rollouts": 4,
        "seed": 0,
        "occlusion_baseline": "zero in model feature space (training mean for normalized continuous features)",
        "interpretation": "Model sensitivity and attention; not proof of causality or calibrated confidence."
      },
      "decoded_stages": [
        1,
        1
      ],
      "stage_decoding": "crf_viterbi",
      "stage_transition_counts": {
        "illegal": 0,
        "evaluated": 1
      },
      "lead_time_seconds": 0.0,
      "warning_index": null,
      "critical_index": 2
    },
    {
      "scenario": "CIC-IDS2018::SYNTHETIC_FIXTURE_ONLY",
      "target": 0.0,
      "predicted_future_risk": 0.4735319912433624,
      "predictive_variance": 2.7019952540285885e-05,
      "explanation": {
        "target": "ensemble_mean_infiltration_probability_at_final_step",
        "gradient_x_input": [
          {
            "feature": "bytes_per_flow",
            "attribution": 0.0018210529815405607,
            "signed_attribution": -0.0008505767327733338
          },
          {
            "feature": "bytes_total",
            "attribution": 0.00025561274378560483,
            "signed_attribution": -1.7790178389986977e-05
          },
          {
            "feature": "packet_count",
            "attribution": 0.0,
            "signed_attribution": 0.0
          },
          {
            "feature": "flow_count",
            "attribution": 0.0,
            "signed_attribution": 0.0
          },
          {
            "feature": "packets_total",
            "attribution": 0.0,
            "signed_attribution": 0.0
          },
          {
            "feature": "unique_peer_count",
            "attribution": 0.0,
            "signed_attribution": 0.0
          },
          {
            "feature": "unique_dst_port_count",
            "attribution": 0.0,
            "signed_attribution": 0.0
          },
          {
            "feature": "tcp_ratio",
            "attribution": 0.0,
            "signed_attribution": 0.0
          },
          {
            "feature": "udp_ratio",
            "attribution": 0.0,
            "signed_attribution": 0.0
          },
          {
            "feature": "mean_duration",
            "attribution": 0.0,
            "signed_attribution": 0.0
          }
        ],
        "temporal_attention": [
          {
            "window_index": 0,
            "timestamp": 1518566567.0,
            "attention": 0.5072775483131409
          },
          {
            "window_index": 1,
            "timestamp": 1518566568.0,
            "attention": 0.4927224814891815
          }
        ],
        "feature_occlusion": [
          {
            "feature": "bytes_total",
            "baseline_risk": 0.4735319912433624,
            "counterfactual_risk": 0.465910941362381,
            "risk_reduction": 0.007621049880981445
          },
          {
            "feature": "packet_count",
            "baseline_risk": 0.4735319912433624,
            "counterfactual_risk": 0.4735319912433624,
            "risk_reduction": 0.0
          },
          {
            "feature": "flow_count",
            "baseline_risk": 0.4735319912433624,
            "counterfactual_risk": 0.4735319912433624,
            "risk_reduction": 0.0
          },
          {
            "feature": "packets_total",
            "baseline_risk": 0.4735319912433624,
            "counterfactual_risk": 0.4735319912433624,
            "risk_reduction": 0.0
          },
          {
            "feature": "unique_peer_count",
            "baseline_risk": 0.4735319912433624,
            "counterfactual_risk": 0.4735319912433624,
            "risk_reduction": 0.0
          },
          {
            "feature": "unique_dst_port_count",
            "baseline_risk": 0.4735319912433624,
            "counterfactual_risk": 0.4735319912433624,
            "risk_reduction": 0.0
          },
          {
            "feature": "tcp_ratio",
            "baseline_risk": 0.4735319912433624,
            "counterfactual_risk": 0.4735319912433624,
            "risk_reduction": 0.0
          },
          {
            "feature": "udp_ratio",
            "baseline_risk": 0.4735319912433624,
            "counterfactual_risk": 0.4735319912433624,
            "risk_reduction": 0.0
          },
          {
            "feature": "mean_duration",
            "baseline_risk": 0.4735319912433624,
            "counterfactual_risk": 0.4735319912433624,
            "risk_reduction": 0.0
          },
          {
            "feature": "mean_iat",
            "baseline_risk": 0.4735319912433624,
            "counterfactual_risk": 0.4735319912433624,
            "risk_reduction": 0.0
          }
        ],
        "what_would_reduce_risk": [
          {
            "feature": "bytes_total",
            "baseline_risk": 0.4735319912433624,
            "counterfactual_risk": 0.465910941362381,
            "risk_reduction": 0.007621049880981445
          }
        ],
        "baseline_risk": 0.4735319912433624,
        "n_rollouts": 4,
        "seed": 0,
        "occlusion_baseline": "zero in model feature space (training mean for normalized continuous features)",
        "interpretation": "Model sensitivity and attention; not proof of causality or calibrated confidence."
      },
      "decoded_stages": [
        1,
        1
      ],
      "stage_decoding": "crf_viterbi",
      "stage_transition_counts": {
        "illegal": 0,
        "evaluated": 1
      },
      "lead_time_seconds": 0.0,
      "warning_index": null,
      "critical_index": 1
    },
    {
      "scenario": "CIC-IDS2018::SYNTHETIC_FIXTURE_ONLY",
      "target": 0.0,
      "predicted_future_risk": 0.47349950671195984,
      "predictive_variance": 2.701376797631383e-05,
      "explanation": {
        "target": "ensemble_mean_infiltration_probability_at_final_step",
        "gradient_x_input": [
          {
            "feature": "bytes_per_flow",
            "attribution": 0.0018281526863574982,
            "signed_attribution": -0.0008569094934500754
          },
          {
            "feature": "bytes_total",
            "attribution": 0.0002610490773804486,
            "signed_attribution": -1.81246596184792e-05
          },
          {
            "feature": "packet_count",
            "attribution": 0.0,
            "signed_attribution": 0.0
          },
          {
            "feature": "flow_count",
            "attribution": 0.0,
            "signed_attribution": 0.0
          },
          {
            "feature": "packets_total",
            "attribution": 0.0,
            "signed_attribution": 0.0
          },
          {
            "feature": "unique_peer_count",
            "attribution": 0.0,
            "signed_attribution": 0.0
          },
          {
            "feature": "unique_dst_port_count",
            "attribution": 0.0,
            "signed_attribution": 0.0
          },
          {
            "feature": "tcp_ratio",
            "attribution": 0.0,
            "signed_attribution": 0.0
          },
          {
            "feature": "udp_ratio",
            "attribution": 0.0,
            "signed_attribution": 0.0
          },
          {
            "feature": "mean_duration",
            "attribution": 0.0,
            "signed_attribution": 0.0
          }
        ],
        "temporal_attention": [
          {
            "window_index": 0,
            "timestamp": 1518566568.0,
            "attention": 0.5072075128555298
          },
          {
            "window_index": 1,
            "timestamp": 1518566569.0,
            "attention": 0.4927925169467926
          }
        ],
        "feature_occlusion": [
          {
            "feature": "bytes_total",
            "baseline_risk": 0.47349950671195984,
            "counterfactual_risk": 0.46591490507125854,
            "risk_reduction": 0.007584601640701294
          },
          {
            "feature": "packet_count",
            "baseline_risk": 0.47349950671195984,
            "counterfactual_risk": 0.47349950671195984,
            "risk_reduction": 0.0
          },
          {
            "feature": "flow_count",
            "baseline_risk": 0.47349950671195984,
            "counterfactual_risk": 0.47349950671195984,
            "risk_reduction": 0.0
          },
          {
            "feature": "packets_total",
            "baseline_risk": 0.47349950671195984,
            "counterfactual_risk": 0.47349950671195984,
            "risk_reduction": 0.0
          },
          {
            "feature": "unique_peer_count",
            "baseline_risk": 0.47349950671195984,
            "counterfactual_risk": 0.47349950671195984,
            "risk_reduction": 0.0
          },
          {
            "feature": "unique_dst_port_count",
            "baseline_risk": 0.47349950671195984,
            "counterfactual_risk": 0.47349950671195984,
            "risk_reduction": 0.0
          },
          {
            "feature": "tcp_ratio",
            "baseline_risk": 0.47349950671195984,
            "counterfactual_risk": 0.47349950671195984,
            "risk_reduction": 0.0
          },
          {
            "feature": "udp_ratio",
            "baseline_risk": 0.47349950671195984,
            "counterfactual_risk": 0.47349950671195984,
            "risk_reduction": 0.0
          },
          {
            "feature": "mean_duration",
            "baseline_risk": 0.47349950671195984,
            "counterfactual_risk": 0.47349950671195984,
            "risk_reduction": 0.0
          },
          {
            "feature": "mean_iat",
            "baseline_risk": 0.47349950671195984,
            "counterfactual_risk": 0.47349950671195984,
            "risk_reduction": 0.0
          }
        ],
        "what_would_reduce_risk": [
          {
            "feature": "bytes_total",
            "baseline_risk": 0.47349950671195984,
            "counterfactual_risk": 0.46591490507125854,
            "risk_reduction": 0.007584601640701294
          }
        ],
        "baseline_risk": 0.47349950671195984,
        "n_rollouts": 4,
        "seed": 0,
        "occlusion_baseline": "zero in model feature space (training mean for normalized continuous features)",
        "interpretation": "Model sensitivity and attention; not proof of causality or calibrated confidence."
      },
      "decoded_stages": [
        1,
        1
      ],
      "stage_decoding": "crf_viterbi",
      "stage_transition_counts": {
        "illegal": 0,
        "evaluated": 1
      },
      "lead_time_seconds": 0.0,
      "warning_index": null,
      "critical_index": 0
    },
    {
      "scenario": "CIC-IDS2018::SYNTHETIC_FIXTURE_ONLY",
      "target": 0.0,
      "predicted_future_risk": 0.4734671413898468,
      "predictive_variance": 2.700757067941595e-05,
      "explanation": {
        "target": "ensemble_mean_infiltration_probability_at_final_step",
        "gradient_x_input": [
          {
            "feature": "bytes_per_flow",
            "attribution": 0.0018350345781072974,
            "signed_attribution": -0.0008630010997876525
          },
          {
            "feature": "bytes_total",
            "attribution": 0.00026658139540813863,
            "signed_attribution": -1.8253038433613256e-05
          },
          {
            "feature": "packet_count",
            "attribution": 0.0,
            "signed_attribution": 0.0
          },
          {
            "feature": "flow_count",
            "attribution": 0.0,
            "signed_attribution": 0.0
          },
          {
            "feature": "packets_total",
            "attribution": 0.0,
            "signed_attribution": 0.0
          },
          {
            "feature": "unique_peer_count",
            "attribution": 0.0,
            "signed_attribution": 0.0
          },
          {
            "feature": "unique_dst_port_count",
            "attribution": 0.0,
            "signed_attribution": 0.0
          },
          {
            "feature": "tcp_ratio",
            "attribution": 0.0,
            "signed_attribution": 0.0
          },
          {
            "feature": "udp_ratio",
            "attribution": 0.0,
            "signed_attribution": 0.0
          },
          {
            "feature": "mean_duration",
            "attribution": 0.0,
            "signed_attribution": 0.0
          }
        ],
        "temporal_attention": [
          {
            "window_index": 0,
            "timestamp": 1518566569.0,
            "attention": 0.5071381330490112
          },
          {
            "window_index": 1,
            "timestamp": 1518566570.0,
            "attention": 0.49286186695098877
          }
        ],
        "feature_occlusion": [
          {
            "feature": "bytes_total",
            "baseline_risk": 0.4734671413898468,
            "counterfactual_risk": 0.46591806411743164,
            "risk_reduction": 0.007549077272415161
          },
          {
            "feature": "packet_count",
            "baseline_risk": 0.4734671413898468,
            "counterfactual_risk": 0.4734671413898468,
            "risk_reduction": 0.0
          },
          {
            "feature": "flow_count",
            "baseline_risk": 0.4734671413898468,
            "counterfactual_risk": 0.4734671413898468,
            "risk_reduction": 0.0
          },
          {
            "feature": "packets_total",
            "baseline_risk": 0.4734671413898468,
            "counterfactual_risk": 0.4734671413898468,
            "risk_reduction": 0.0
          },
          {
            "feature": "unique_peer_count",
            "baseline_risk": 0.4734671413898468,
            "counterfactual_risk": 0.4734671413898468,
            "risk_reduction": 0.0
          },
          {
            "feature": "unique_dst_port_count",
            "baseline_risk": 0.4734671413898468,
            "counterfactual_risk": 0.4734671413898468,
            "risk_reduction": 0.0
          },
          {
            "feature": "tcp_ratio",
            "baseline_risk": 0.4734671413898468,
            "counterfactual_risk": 0.4734671413898468,
            "risk_reduction": 0.0
          },
          {
            "feature": "udp_ratio",
            "baseline_risk": 0.4734671413898468,
            "counterfactual_risk": 0.4734671413898468,
            "risk_reduction": 0.0
          },
          {
            "feature": "mean_duration",
            "baseline_risk": 0.4734671413898468,
            "counterfactual_risk": 0.4734671413898468,
            "risk_reduction": 0.0
          },
          {
            "feature": "mean_iat",
            "baseline_risk": 0.4734671413898468,
            "counterfactual_risk": 0.4734671413898468,
            "risk_reduction": 0.0
          }
        ],
        "what_would_reduce_risk": [
          {
            "feature": "bytes_total",
            "baseline_risk": 0.4734671413898468,
            "counterfactual_risk": 0.46591806411743164,
            "risk_reduction": 0.007549077272415161
          }
        ],
        "baseline_risk": 0.4734671413898468,
        "n_rollouts": 4,
        "seed": 0,
        "occlusion_baseline": "zero in model feature space (training mean for normalized continuous features)",
        "interpretation": "Model sensitivity and attention; not proof of causality or calibrated confidence."
      },
      "decoded_stages": [
        1,
        1
      ],
      "stage_decoding": "crf_viterbi",
      "stage_transition_counts": {
        "illegal": 0,
        "evaluated": 1
      },
      "lead_time_seconds": null,
      "warning_index": null,
      "critical_index": null
    },
    {
      "scenario": "CIC-IDS2018::SYNTHETIC_FIXTURE_ONLY",
      "target": 1.0,
      "predicted_future_risk": 0.47343477606773376,
      "predictive_variance": 2.700202094274573e-05,
      "explanation": {
        "target": "ensemble_mean_infiltration_probability_at_final_step",
        "gradient_x_input": [
          {
            "feature": "bytes_per_flow",
            "attribution": 0.0018416952807456255,
            "signed_attribution": -0.0008688506786711514
          },
          {
            "feature": "bytes_total",
            "attribution": 0.00027221094933338463,
            "signed_attribution": -1.817715383367613e-05
          },
          {
            "feature": "packet_count",
            "attribution": 0.0,
            "signed_attribution": 0.0
          },
          {
            "feature": "flow_count",
            "attribution": 0.0,
            "signed_attribution": 0.0
          },
          {
            "feature": "packets_total",
            "attribution": 0.0,
            "signed_attribution": 0.0
          },
          {
            "feature": "unique_peer_count",
            "attribution": 0.0,
            "signed_attribution": 0.0
          },
          {
            "feature": "unique_dst_port_count",
            "attribution": 0.0,
            "signed_attribution": 0.0
          },
          {
            "feature": "tcp_ratio",
            "attribution": 0.0,
            "signed_attribution": 0.0
          },
          {
            "feature": "udp_ratio",
            "attribution": 0.0,
            "signed_attribution": 0.0
          },
          {
            "feature": "mean_duration",
            "attribution": 0.0,
            "signed_attribution": 0.0
          }
        ],
        "temporal_attention": [
          {
            "window_index": 0,
            "timestamp": 1518566570.0,
            "attention": 0.5070694088935852
          },
          {
            "window_index": 1,
            "timestamp": 1518566571.0,
            "attention": 0.4929305911064148
          }
        ],
        "feature_occlusion": [
          {
            "feature": "bytes_total",
            "baseline_risk": 0.47343477606773376,
            "counterfactual_risk": 0.46592047810554504,
            "risk_reduction": 0.007514297962188721
          },
          {
            "feature": "packet_count",
            "baseline_risk": 0.47343477606773376,
            "counterfactual_risk": 0.47343477606773376,
            "risk_reduction": 0.0
          },
          {
            "feature": "flow_count",
            "baseline_risk": 0.47343477606773376,
            "counterfactual_risk": 0.47343477606773376,
            "risk_reduction": 0.0
          },
          {
            "feature": "packets_total",
            "baseline_risk": 0.47343477606773376,
            "counterfactual_risk": 0.47343477606773376,
            "risk_reduction": 0.0
          },
          {
            "feature": "unique_peer_count",
            "baseline_risk": 0.47343477606773376,
            "counterfactual_risk": 0.47343477606773376,
            "risk_reduction": 0.0
          },
          {
            "feature": "unique_dst_port_count",
            "baseline_risk": 0.47343477606773376,
            "counterfactual_risk": 0.47343477606773376,
            "risk_reduction": 0.0
          },
          {
            "feature": "tcp_ratio",
            "baseline_risk": 0.47343477606773376,
            "counterfactual_risk": 0.47343477606773376,
            "risk_reduction": 0.0
          },
          {
            "feature": "udp_ratio",
            "baseline_risk": 0.47343477606773376,
            "counterfactual_risk": 0.47343477606773376,
            "risk_reduction": 0.0
          },
          {
            "feature": "mean_duration",
            "baseline_risk": 0.47343477606773376,
            "counterfactual_risk": 0.47343477606773376,
            "risk_reduction": 0.0
          },
          {
            "feature": "mean_iat",
            "baseline_risk": 0.47343477606773376,
            "counterfactual_risk": 0.47343477606773376,
            "risk_reduction": 0.0
          }
        ],
        "what_would_reduce_risk": [
          {
            "feature": "bytes_total",
            "baseline_risk": 0.47343477606773376,
            "counterfactual_risk": 0.46592047810554504,
            "risk_reduction": 0.007514297962188721
          }
        ],
        "baseline_risk": 0.47343477606773376,
        "n_rollouts": 4,
        "seed": 0,
        "occlusion_baseline": "zero in model feature space (training mean for normalized continuous features)",
        "interpretation": "Model sensitivity and attention; not proof of causality or calibrated confidence."
      },
      "decoded_stages": [
        1,
        1
      ],
      "stage_decoding": "crf_viterbi",
      "stage_transition_counts": {
        "illegal": 0,
        "evaluated": 1
      },
      "lead_time_seconds": 0.0,
      "warning_index": null,
      "critical_index": 2
    },
    {
      "scenario": "CIC-IDS2018::SYNTHETIC_FIXTURE_ONLY",
      "target": 0.0,
      "predicted_future_risk": 0.47340255975723267,
      "predictive_variance": 2.6995994630851783e-05,
      "explanation": {
        "target": "ensemble_mean_infiltration_probability_at_final_step",
        "gradient_x_input": [
          {
            "feature": "bytes_per_flow",
            "attribution": 0.0018481392180547118,
            "signed_attribution": -0.0008744624792598188
          },
          {
            "feature": "bytes_total",
            "attribution": 0.00027792813489213586,
            "signed_attribution": -1.7908841982716694e-05
          },
          {
            "feature": "packet_count",
            "attribution": 0.0,
            "signed_attribution": 0.0
          },
          {
            "feature": "flow_count",
            "attribution": 0.0,
            "signed_attribution": 0.0
          },
          {
            "feature": "packets_total",
            "attribution": 0.0,
            "signed_attribution": 0.0
          },
          {
            "feature": "unique_peer_count",
            "attribution": 0.0,
            "signed_attribution": 0.0
          },
          {
            "feature": "unique_dst_port_count",
            "attribution": 0.0,
            "signed_attribution": 0.0
          },
          {
            "feature": "tcp_ratio",
            "attribution": 0.0,
            "signed_attribution": 0.0
          },
          {
            "feature": "udp_ratio",
            "attribution": 0.0,
            "signed_attribution": 0.0
          },
          {
            "feature": "mean_duration",
            "attribution": 0.0,
            "signed_attribution": 0.0
          }
        ],
        "temporal_attention": [
          {
            "window_index": 0,
            "timestamp": 1518566571.0,
            "attention": 0.5070013999938965
          },
          {
            "window_index": 1,
            "timestamp": 1518566572.0,
            "attention": 0.4929986000061035
          }
        ],
        "feature_occlusion": [
          {
            "feature": "bytes_total",
            "baseline_risk": 0.47340255975723267,
            "counterfactual_risk": 0.46592211723327637,
            "risk_reduction": 0.007480442523956299
          },
          {
            "feature": "packet_count",
            "baseline_risk": 0.47340255975723267,
            "counterfactual_risk": 0.47340255975723267,
            "risk_reduction": 0.0
          },
          {
            "feature": "flow_count",
            "baseline_risk": 0.47340255975723267,
            "counterfactual_risk": 0.47340255975723267,
            "risk_reduction": 0.0
          },
          {
            "feature": "packets_total",
            "baseline_risk": 0.47340255975723267,
            "counterfactual_risk": 0.47340255975723267,
            "risk_reduction": 0.0
          },
          {
            "feature": "unique_peer_count",
            "baseline_risk": 0.47340255975723267,
            "counterfactual_risk": 0.47340255975723267,
            "risk_reduction": 0.0
          },
          {
            "feature": "unique_dst_port_count",
            "baseline_risk": 0.47340255975723267,
            "counterfactual_risk": 0.47340255975723267,
            "risk_reduction": 0.0
          },
          {
            "feature": "tcp_ratio",
            "baseline_risk": 0.47340255975723267,
            "counterfactual_risk": 0.47340255975723267,
            "risk_reduction": 0.0
          },
          {
            "feature": "udp_ratio",
            "baseline_risk": 0.47340255975723267,
            "counterfactual_risk": 0.47340255975723267,
            "risk_reduction": 0.0
          },
          {
            "feature": "mean_duration",
            "baseline_risk": 0.47340255975723267,
            "counterfactual_risk": 0.47340255975723267,
            "risk_reduction": 0.0
          },
          {
            "feature": "mean_iat",
            "baseline_risk": 0.47340255975723267,
            "counterfactual_risk": 0.47340255975723267,
            "risk_reduction": 0.0
          }
        ],
        "what_would_reduce_risk": [
          {
            "feature": "bytes_total",
            "baseline_risk": 0.47340255975723267,
            "counterfactual_risk": 0.46592211723327637,
            "risk_reduction": 0.007480442523956299
          }
        ],
        "baseline_risk": 0.47340255975723267,
        "n_rollouts": 4,
        "seed": 0,
        "occlusion_baseline": "zero in model feature space (training mean for normalized continuous features)",
        "interpretation": "Model sensitivity and attention; not proof of causality or calibrated confidence."
      },
      "decoded_stages": [
        1,
        1
      ],
      "stage_decoding": "crf_viterbi",
      "stage_transition_counts": {
        "illegal": 0,
        "evaluated": 1
      },
      "lead_time_seconds": 0.0,
      "warning_index": null,
      "critical_index": 1
    },
    {
      "scenario": "CIC-IDS2018::SYNTHETIC_FIXTURE_ONLY",
      "target": 0.0,
      "predicted_future_risk": 0.47337043285369873,
      "predictive_variance": 2.6990346668753773e-05,
      "explanation": {
        "target": "ensemble_mean_infiltration_probability_at_final_step",
        "gradient_x_input": [
          {
            "feature": "bytes_per_flow",
            "attribution": 0.0018543712794780731,
            "signed_attribution": -0.0008798422641120851
          },
          {
            "feature": "bytes_total",
            "attribution": 0.0002837380161508918,
            "signed_attribution": -1.744549081195146e-05
          },
          {
            "feature": "packet_count",
            "attribution": 0.0,
            "signed_attribution": 0.0
          },
          {
            "feature": "flow_count",
            "attribution": 0.0,
            "signed_attribution": 0.0
          },
          {
            "feature": "packets_total",
            "attribution": 0.0,
            "signed_attribution": 0.0
          },
          {
            "feature": "unique_peer_count",
            "attribution": 0.0,
            "signed_attribution": 0.0
          },
          {
            "feature": "unique_dst_port_count",
            "attribution": 0.0,
            "signed_attribution": 0.0
          },
          {
            "feature": "tcp_ratio",
            "attribution": 0.0,
            "signed_attribution": 0.0
          },
          {
            "feature": "udp_ratio",
            "attribution": 0.0,
            "signed_attribution": 0.0
          },
          {
            "feature": "mean_duration",
            "attribution": 0.0,
            "signed_attribution": 0.0
          }
        ],
        "temporal_attention": [
          {
            "window_index": 0,
            "timestamp": 1518566572.0,
            "attention": 0.5069340467453003
          },
          {
            "window_index": 1,
            "timestamp": 1518566573.0,
            "attention": 0.4930659532546997
          }
        ],
        "feature_occlusion": [
          {
            "feature": "bytes_total",
            "baseline_risk": 0.47337043285369873,
            "counterfactual_risk": 0.46592310070991516,
            "risk_reduction": 0.007447332143783569
          },
          {
            "feature": "packet_count",
            "baseline_risk": 0.47337043285369873,
            "counterfactual_risk": 0.47337043285369873,
            "risk_reduction": 0.0
          },
          {
            "feature": "flow_count",
            "baseline_risk": 0.47337043285369873,
            "counterfactual_risk": 0.47337043285369873,
            "risk_reduction": 0.0
          },
          {
            "feature": "packets_total",
            "baseline_risk": 0.47337043285369873,
            "counterfactual_risk": 0.47337043285369873,
            "risk_reduction": 0.0
          },
          {
            "feature": "unique_peer_count",
            "baseline_risk": 0.47337043285369873,
            "counterfactual_risk": 0.47337043285369873,
            "risk_reduction": 0.0
          },
          {
            "feature": "unique_dst_port_count",
            "baseline_risk": 0.47337043285369873,
            "counterfactual_risk": 0.47337043285369873,
            "risk_reduction": 0.0
          },
          {
            "feature": "tcp_ratio",
            "baseline_risk": 0.47337043285369873,
            "counterfactual_risk": 0.47337043285369873,
            "risk_reduction": 0.0
          },
          {
            "feature": "udp_ratio",
            "baseline_risk": 0.47337043285369873,
            "counterfactual_risk": 0.47337043285369873,
            "risk_reduction": 0.0
          },
          {
            "feature": "mean_duration",
            "baseline_risk": 0.47337043285369873,
            "counterfactual_risk": 0.47337043285369873,
            "risk_reduction": 0.0
          },
          {
            "feature": "mean_iat",
            "baseline_risk": 0.47337043285369873,
            "counterfactual_risk": 0.47337043285369873,
            "risk_reduction": 0.0
          }
        ],
        "what_would_reduce_risk": [
          {
            "feature": "bytes_total",
            "baseline_risk": 0.47337043285369873,
            "counterfactual_risk": 0.46592310070991516,
            "risk_reduction": 0.007447332143783569
          }
        ],
        "baseline_risk": 0.47337043285369873,
        "n_rollouts": 4,
        "seed": 0,
        "occlusion_baseline": "zero in model feature space (training mean for normalized continuous features)",
        "interpretation": "Model sensitivity and attention; not proof of causality or calibrated confidence."
      },
      "decoded_stages": [
        1,
        1
      ],
      "stage_decoding": "crf_viterbi",
      "stage_transition_counts": {
        "illegal": 0,
        "evaluated": 1
      },
      "lead_time_seconds": 0.0,
      "warning_index": null,
      "critical_index": 0
    },
    {
      "scenario": "CIC-IDS2018::SYNTHETIC_FIXTURE_ONLY",
      "target": 0.0,
      "predicted_future_risk": 0.47333836555480957,
      "predictive_variance": 2.6984955184161663e-05,
      "explanation": {
        "target": "ensemble_mean_infiltration_probability_at_final_step",
        "gradient_x_input": [
          {
            "feature": "bytes_per_flow",
            "attribution": 0.001860391115769744,
            "signed_attribution": -0.0008849916630424559
          },
          {
            "feature": "bytes_total",
            "attribution": 0.00028963733348064125,
            "signed_attribution": -1.6793124814284965e-05
          },
          {
            "feature": "packet_count",
            "attribution": 0.0,
            "signed_attribution": 0.0
          },
          {
            "feature": "flow_count",
            "attribution": 0.0,
            "signed_attribution": 0.0
          },
          {
            "feature": "packets_total",
            "attribution": 0.0,
            "signed_attribution": 0.0
          },
          {
            "feature": "unique_peer_count",
            "attribution": 0.0,
            "signed_attribution": 0.0
          },
          {
            "feature": "unique_dst_port_count",
            "attribution": 0.0,
            "signed_attribution": 0.0
          },
          {
            "feature": "tcp_ratio",
            "attribution": 0.0,
            "signed_attribution": 0.0
          },
          {
            "feature": "udp_ratio",
            "attribution": 0.0,
            "signed_attribution": 0.0
          },
          {
            "feature": "mean_duration",
            "attribution": 0.0,
            "signed_attribution": 0.0
          }
        ],
        "temporal_attention": [
          {
            "window_index": 0,
            "timestamp": 1518566573.0,
            "attention": 0.5068673491477966
          },
          {
            "window_index": 1,
            "timestamp": 1518566574.0,
            "attention": 0.49313265085220337
          }
        ],
        "feature_occlusion": [
          {
            "feature": "bytes_total",
            "baseline_risk": 0.47333836555480957,
            "counterfactual_risk": 0.46592336893081665,
            "risk_reduction": 0.00741499662399292
          },
          {
            "feature": "packet_count",
            "baseline_risk": 0.47333836555480957,
            "counterfactual_risk": 0.47333836555480957,
            "risk_reduction": 0.0
          },
          {
            "feature": "flow_count",
            "baseline_risk": 0.47333836555480957,
            "counterfactual_risk": 0.47333836555480957,
            "risk_reduction": 0.0
          },
          {
            "feature": "packets_total",
            "baseline_risk": 0.47333836555480957,
            "counterfactual_risk": 0.47333836555480957,
            "risk_reduction": 0.0
          },
          {
            "feature": "unique_peer_count",
            "baseline_risk": 0.47333836555480957,
            "counterfactual_risk": 0.47333836555480957,
            "risk_reduction": 0.0
          },
          {
            "feature": "unique_dst_port_count",
            "baseline_risk": 0.47333836555480957,
            "counterfactual_risk": 0.47333836555480957,
            "risk_reduction": 0.0
          },
          {
            "feature": "tcp_ratio",
            "baseline_risk": 0.47333836555480957,
            "counterfactual_risk": 0.47333836555480957,
            "risk_reduction": 0.0
          },
          {
            "feature": "udp_ratio",
            "baseline_risk": 0.47333836555480957,
            "counterfactual_risk": 0.47333836555480957,
            "risk_reduction": 0.0
          },
          {
            "feature": "mean_duration",
            "baseline_risk": 0.47333836555480957,
            "counterfactual_risk": 0.47333836555480957,
            "risk_reduction": 0.0
          },
          {
            "feature": "mean_iat",
            "baseline_risk": 0.47333836555480957,
            "counterfactual_risk": 0.47333836555480957,
            "risk_reduction": 0.0
          }
        ],
        "what_would_reduce_risk": [
          {
            "feature": "bytes_total",
            "baseline_risk": 0.47333836555480957,
            "counterfactual_risk": 0.46592336893081665,
            "risk_reduction": 0.00741499662399292
          }
        ],
        "baseline_risk": 0.47333836555480957,
        "n_rollouts": 4,
        "seed": 0,
        "occlusion_baseline": "zero in model feature space (training mean for normalized continuous features)",
        "interpretation": "Model sensitivity and attention; not proof of causality or calibrated confidence."
      },
      "decoded_stages": [
        1,
        1
      ],
      "stage_decoding": "crf_viterbi",
      "stage_transition_counts": {
        "illegal": 0,
        "evaluated": 1
      },
      "lead_time_seconds": null,
      "warning_index": null,
      "critical_index": null
    },
    {
      "scenario": "CIC-IDS2018::SYNTHETIC_FIXTURE_ONLY",
      "target": 1.0,
      "predicted_future_risk": 0.47330647706985474,
      "predictive_variance": 2.697948002605699e-05,
      "explanation": {
        "target": "ensemble_mean_infiltration_probability_at_final_step",
        "gradient_x_input": [
          {
            "feature": "bytes_per_flow",
            "attribution": 0.001866200938820839,
            "signed_attribution": -0.0008899126551114023
          },
          {
            "feature": "bytes_total",
            "attribution": 0.0002956219541374594,
            "signed_attribution": -1.5957843061187305e-05
          },
          {
            "feature": "packet_count",
            "attribution": 0.0,
            "signed_attribution": 0.0
          },
          {
            "feature": "flow_count",
            "attribution": 0.0,
            "signed_attribution": 0.0
          },
          {
            "feature": "packets_total",
            "attribution": 0.0,
            "signed_attribution": 0.0
          },
          {
            "feature": "unique_peer_count",
            "attribution": 0.0,
            "signed_attribution": 0.0
          },
          {
            "feature": "unique_dst_port_count",
            "attribution": 0.0,
            "signed_attribution": 0.0
          },
          {
            "feature": "tcp_ratio",
            "attribution": 0.0,
            "signed_attribution": 0.0
          },
          {
            "feature": "udp_ratio",
            "attribution": 0.0,
            "signed_attribution": 0.0
          },
          {
            "feature": "mean_duration",
            "attribution": 0.0,
            "signed_attribution": 0.0
          }
        ],
        "temporal_attention": [
          {
            "window_index": 0,
            "timestamp": 1518566574.0,
            "attention": 0.5068013668060303
          },
          {
            "window_index": 1,
            "timestamp": 1518566575.0,
            "attention": 0.4931986331939697
          }
        ],
        "feature_occlusion": [
          {
            "feature": "bytes_total",
            "baseline_risk": 0.47330647706985474,
            "counterfactual_risk": 0.46592292189598083,
            "risk_reduction": 0.007383555173873901
          },
          {
            "feature": "packet_count",
            "baseline_risk": 0.47330647706985474,
            "counterfactual_risk": 0.47330647706985474,
            "risk_reduction": 0.0
          },
          {
            "feature": "flow_count",
            "baseline_risk": 0.47330647706985474,
            "counterfactual_risk": 0.47330647706985474,
            "risk_reduction": 0.0
          },
          {
            "feature": "packets_total",
            "baseline_risk": 0.47330647706985474,
            "counterfactual_risk": 0.47330647706985474,
            "risk_reduction": 0.0
          },
          {
            "feature": "unique_peer_count",
            "baseline_risk": 0.47330647706985474,
            "counterfactual_risk": 0.47330647706985474,
            "risk_reduction": 0.0
          },
          {
            "feature": "unique_dst_port_count",
            "baseline_risk": 0.47330647706985474,
            "counterfactual_risk": 0.47330647706985474,
            "risk_reduction": 0.0
          },
          {
            "feature": "tcp_ratio",
            "baseline_risk": 0.47330647706985474,
            "counterfactual_risk": 0.47330647706985474,
            "risk_reduction": 0.0
          },
          {
            "feature": "udp_ratio",
            "baseline_risk": 0.47330647706985474,
            "counterfactual_risk": 0.47330647706985474,
            "risk_reduction": 0.0
          },
          {
            "feature": "mean_duration",
            "baseline_risk": 0.47330647706985474,
            "counterfactual_risk": 0.47330647706985474,
            "risk_reduction": 0.0
          },
          {
            "feature": "mean_iat",
            "baseline_risk": 0.47330647706985474,
            "counterfactual_risk": 0.47330647706985474,
            "risk_reduction": 0.0
          }
        ],
        "what_would_reduce_risk": [
          {
            "feature": "bytes_total",
            "baseline_risk": 0.47330647706985474,
            "counterfactual_risk": 0.46592292189598083,
            "risk_reduction": 0.007383555173873901
          }
        ],
        "baseline_risk": 0.47330647706985474,
        "n_rollouts": 4,
        "seed": 0,
        "occlusion_baseline": "zero in model feature space (training mean for normalized continuous features)",
        "interpretation": "Model sensitivity and attention; not proof of causality or calibrated confidence."
      },
      "decoded_stages": [
        1,
        1
      ],
      "stage_decoding": "crf_viterbi",
      "stage_transition_counts": {
        "illegal": 0,
        "evaluated": 1
      },
      "lead_time_seconds": 0.0,
      "warning_index": null,
      "critical_index": 2
    },
    {
      "scenario": "CIC-IDS2018::SYNTHETIC_FIXTURE_ONLY",
      "target": 0.0,
      "predicted_future_risk": 0.47327476739883423,
      "predictive_variance": 2.697422678465955e-05,
      "explanation": {
        "target": "ensemble_mean_infiltration_probability_at_final_step",
        "gradient_x_input": [
          {
            "feature": "bytes_per_flow",
            "attribution": 0.0018718047067523003,
            "signed_attribution": -0.0008946110028773546
          },
          {
            "feature": "bytes_total",
            "attribution": 0.00030169051024131477,
            "signed_attribution": -1.4942452253308147e-05
          },
          {
            "feature": "packet_count",
            "attribution": 0.0,
            "signed_attribution": 0.0
          },
          {
            "feature": "flow_count",
            "attribution": 0.0,
            "signed_attribution": 0.0
          },
          {
            "feature": "packets_total",
            "attribution": 0.0,
            "signed_attribution": 0.0
          },
          {
            "feature": "unique_peer_count",
            "attribution": 0.0,
            "signed_attribution": 0.0
          },
          {
            "feature": "unique_dst_port_count",
            "attribution": 0.0,
            "signed_attribution": 0.0
          },
          {
            "feature": "tcp_ratio",
            "attribution": 0.0,
            "signed_attribution": 0.0
          },
          {
            "feature": "udp_ratio",
            "attribution": 0.0,
            "signed_attribution": 0.0
          },
          {
            "feature": "mean_duration",
            "attribution": 0.0,
            "signed_attribution": 0.0
          }
        ],
        "temporal_attention": [
          {
            "window_index": 0,
            "timestamp": 1518566575.0,
            "attention": 0.5067359805107117
          },
          {
            "window_index": 1,
            "timestamp": 1518566576.0,
            "attention": 0.49326398968696594
          }
        ],
        "feature_occlusion": [
          {
            "feature": "bytes_total",
            "baseline_risk": 0.47327476739883423,
            "counterfactual_risk": 0.4659218192100525,
            "risk_reduction": 0.007352948188781738
          },
          {
            "feature": "packet_count",
            "baseline_risk": 0.47327476739883423,
            "counterfactual_risk": 0.47327476739883423,
            "risk_reduction": 0.0
          },
          {
            "feature": "flow_count",
            "baseline_risk": 0.47327476739883423,
            "counterfactual_risk": 0.47327476739883423,
            "risk_reduction": 0.0
          },
          {
            "feature": "packets_total",
            "baseline_risk": 0.47327476739883423,
            "counterfactual_risk": 0.47327476739883423,
            "risk_reduction": 0.0
          },
          {
            "feature": "unique_peer_count",
            "baseline_risk": 0.47327476739883423,
            "counterfactual_risk": 0.47327476739883423,
            "risk_reduction": 0.0
          },
          {
            "feature": "unique_dst_port_count",
            "baseline_risk": 0.47327476739883423,
            "counterfactual_risk": 0.47327476739883423,
            "risk_reduction": 0.0
          },
          {
            "feature": "tcp_ratio",
            "baseline_risk": 0.47327476739883423,
            "counterfactual_risk": 0.47327476739883423,
            "risk_reduction": 0.0
          },
          {
            "feature": "udp_ratio",
            "baseline_risk": 0.47327476739883423,
            "counterfactual_risk": 0.47327476739883423,
            "risk_reduction": 0.0
          },
          {
            "feature": "mean_duration",
            "baseline_risk": 0.47327476739883423,
            "counterfactual_risk": 0.47327476739883423,
            "risk_reduction": 0.0
          },
          {
            "feature": "mean_iat",
            "baseline_risk": 0.47327476739883423,
            "counterfactual_risk": 0.47327476739883423,
            "risk_reduction": 0.0
          }
        ],
        "what_would_reduce_risk": [
          {
            "feature": "bytes_total",
            "baseline_risk": 0.47327476739883423,
            "counterfactual_risk": 0.4659218192100525,
            "risk_reduction": 0.007352948188781738
          }
        ],
        "baseline_risk": 0.47327476739883423,
        "n_rollouts": 4,
        "seed": 0,
        "occlusion_baseline": "zero in model feature space (training mean for normalized continuous features)",
        "interpretation": "Model sensitivity and attention; not proof of causality or calibrated confidence."
      },
      "decoded_stages": [
        1,
        1
      ],
      "stage_decoding": "crf_viterbi",
      "stage_transition_counts": {
        "illegal": 0,
        "evaluated": 1
      },
      "lead_time_seconds": 0.0,
      "warning_index": null,
      "critical_index": 1
    },
    {
      "scenario": "CIC-IDS2018::SYNTHETIC_FIXTURE_ONLY",
      "target": 0.0,
      "predicted_future_risk": 0.47324317693710327,
      "predictive_variance": 2.6969079044647515e-05,
      "explanation": {
        "target": "ensemble_mean_infiltration_probability_at_final_step",
        "gradient_x_input": [
          {
            "feature": "bytes_per_flow",
            "attribution": 0.0018772039329633117,
            "signed_attribution": -0.0008990883943624794
          },
          {
            "feature": "bytes_total",
            "attribution": 0.0003078394802287221,
            "signed_attribution": -1.375416832161136e-05
          },
          {
            "feature": "packet_count",
            "attribution": 0.0,
            "signed_attribution": 0.0
          },
          {
            "feature": "flow_count",
            "attribution": 0.0,
            "signed_attribution": 0.0
          },
          {
            "feature": "packets_total",
            "attribution": 0.0,
            "signed_attribution": 0.0
          },
          {
            "feature": "unique_peer_count",
            "attribution": 0.0,
            "signed_attribution": 0.0
          },
          {
            "feature": "unique_dst_port_count",
            "attribution": 0.0,
            "signed_attribution": 0.0
          },
          {
            "feature": "tcp_ratio",
            "attribution": 0.0,
            "signed_attribution": 0.0
          },
          {
            "feature": "udp_ratio",
            "attribution": 0.0,
            "signed_attribution": 0.0
          },
          {
            "feature": "mean_duration",
            "attribution": 0.0,
            "signed_attribution": 0.0
          }
        ],
        "temporal_attention": [
          {
            "window_index": 0,
            "timestamp": 1518566576.0,
            "attention": 0.5066713094711304
          },
          {
            "window_index": 1,
            "timestamp": 1518566577.0,
            "attention": 0.493328720331192
          }
        ],
        "feature_occlusion": [
          {
            "feature": "bytes_total",
            "baseline_risk": 0.47324317693710327,
            "counterfactual_risk": 0.465920090675354,
            "risk_reduction": 0.007323086261749268
          },
          {
            "feature": "packet_count",
            "baseline_risk": 0.47324317693710327,
            "counterfactual_risk": 0.47324317693710327,
            "risk_reduction": 0.0
          },
          {
            "feature": "flow_count",
            "baseline_risk": 0.47324317693710327,
            "counterfactual_risk": 0.47324317693710327,
            "risk_reduction": 0.0
          },
          {
            "feature": "packets_total",
            "baseline_risk": 0.47324317693710327,
            "counterfactual_risk": 0.47324317693710327,
            "risk_reduction": 0.0
          },
          {
            "feature": "unique_peer_count",
            "baseline_risk": 0.47324317693710327,
            "counterfactual_risk": 0.47324317693710327,
            "risk_reduction": 0.0
          },
          {
            "feature": "unique_dst_port_count",
            "baseline_risk": 0.47324317693710327,
            "counterfactual_risk": 0.47324317693710327,
            "risk_reduction": 0.0
          },
          {
            "feature": "tcp_ratio",
            "baseline_risk": 0.47324317693710327,
            "counterfactual_risk": 0.47324317693710327,
            "risk_reduction": 0.0
          },
          {
            "feature": "udp_ratio",
            "baseline_risk": 0.47324317693710327,
            "counterfactual_risk": 0.47324317693710327,
            "risk_reduction": 0.0
          },
          {
            "feature": "mean_duration",
            "baseline_risk": 0.47324317693710327,
            "counterfactual_risk": 0.47324317693710327,
            "risk_reduction": 0.0
          },
          {
            "feature": "mean_iat",
            "baseline_risk": 0.47324317693710327,
            "counterfactual_risk": 0.47324317693710327,
            "risk_reduction": 0.0
          }
        ],
        "what_would_reduce_risk": [
          {
            "feature": "bytes_total",
            "baseline_risk": 0.47324317693710327,
            "counterfactual_risk": 0.465920090675354,
            "risk_reduction": 0.007323086261749268
          }
        ],
        "baseline_risk": 0.47324317693710327,
        "n_rollouts": 4,
        "seed": 0,
        "occlusion_baseline": "zero in model feature space (training mean for normalized continuous features)",
        "interpretation": "Model sensitivity and attention; not proof of causality or calibrated confidence."
      },
      "decoded_stages": [
        1,
        1
      ],
      "stage_decoding": "crf_viterbi",
      "stage_transition_counts": {
        "illegal": 0,
        "evaluated": 1
      },
      "lead_time_seconds": 0.0,
      "warning_index": null,
      "critical_index": 0
    },
    {
      "scenario": "CIC-IDS2018::SYNTHETIC_FIXTURE_ONLY",
      "target": 0.0,
      "predicted_future_risk": 0.47321170568466187,
      "predictive_variance": 2.6964135031448677e-05,
      "explanation": {
        "target": "ensemble_mean_infiltration_probability_at_final_step",
        "gradient_x_input": [
          {
            "feature": "bytes_per_flow",
            "attribution": 0.0018824036233127117,
            "signed_attribution": -0.0009033497190102935
          },
          {
            "feature": "bytes_total",
            "attribution": 0.0003140747139696032,
            "signed_attribution": -1.2388856703182682e-05
          },
          {
            "feature": "packet_count",
            "attribution": 0.0,
            "signed_attribution": 0.0
          },
          {
            "feature": "flow_count",
            "attribution": 0.0,
            "signed_attribution": 0.0
          },
          {
            "feature": "packets_total",
            "attribution": 0.0,
            "signed_attribution": 0.0
          },
          {
            "feature": "unique_peer_count",
            "attribution": 0.0,
            "signed_attribution": 0.0
          },
          {
            "feature": "unique_dst_port_count",
            "attribution": 0.0,
            "signed_attribution": 0.0
          },
          {
            "feature": "tcp_ratio",
            "attribution": 0.0,
            "signed_attribution": 0.0
          },
          {
            "feature": "udp_ratio",
            "attribution": 0.0,
            "signed_attribution": 0.0
          },
          {
            "feature": "mean_duration",
            "attribution": 0.0,
            "signed_attribution": 0.0
          }
        ],
        "temporal_attention": [
          {
            "window_index": 0,
            "timestamp": 1518566577.0,
            "attention": 0.5066072344779968
          },
          {
            "window_index": 1,
            "timestamp": 1518566578.0,
            "attention": 0.4933927655220032
          }
        ],
        "feature_occlusion": [
          {
            "feature": "bytes_total",
            "baseline_risk": 0.47321170568466187,
            "counterfactual_risk": 0.4659176766872406,
            "risk_reduction": 0.007294028997421265
          },
          {
            "feature": "packet_count",
            "baseline_risk": 0.47321170568466187,
            "counterfactual_risk": 0.47321170568466187,
            "risk_reduction": 0.0
          },
          {
            "feature": "flow_count",
            "baseline_risk": 0.47321170568466187,
            "counterfactual_risk": 0.47321170568466187,
            "risk_reduction": 0.0
          },
          {
            "feature": "packets_total",
            "baseline_risk": 0.47321170568466187,
            "counterfactual_risk": 0.47321170568466187,
            "risk_reduction": 0.0
          },
          {
            "feature": "unique_peer_count",
            "baseline_risk": 0.47321170568466187,
            "counterfactual_risk": 0.47321170568466187,
            "risk_reduction": 0.0
          },
          {
            "feature": "unique_dst_port_count",
            "baseline_risk": 0.47321170568466187,
            "counterfactual_risk": 0.47321170568466187,
            "risk_reduction": 0.0
          },
          {
            "feature": "tcp_ratio",
            "baseline_risk": 0.47321170568466187,
            "counterfactual_risk": 0.47321170568466187,
            "risk_reduction": 0.0
          },
          {
            "feature": "udp_ratio",
            "baseline_risk": 0.47321170568466187,
            "counterfactual_risk": 0.47321170568466187,
            "risk_reduction": 0.0
          },
          {
            "feature": "mean_duration",
            "baseline_risk": 0.47321170568466187,
            "counterfactual_risk": 0.47321170568466187,
            "risk_reduction": 0.0
          },
          {
            "feature": "mean_iat",
            "baseline_risk": 0.47321170568466187,
            "counterfactual_risk": 0.47321170568466187,
            "risk_reduction": 0.0
          }
        ],
        "what_would_reduce_risk": [
          {
            "feature": "bytes_total",
            "baseline_risk": 0.47321170568466187,
            "counterfactual_risk": 0.4659176766872406,
            "risk_reduction": 0.007294028997421265
          }
        ],
        "baseline_risk": 0.47321170568466187,
        "n_rollouts": 4,
        "seed": 0,
        "occlusion_baseline": "zero in model feature space (training mean for normalized continuous features)",
        "interpretation": "Model sensitivity and attention; not proof of causality or calibrated confidence."
      },
      "decoded_stages": [
        1,
        1
      ],
      "stage_decoding": "crf_viterbi",
      "stage_transition_counts": {
        "illegal": 0,
        "evaluated": 1
      },
      "lead_time_seconds": null,
      "warning_index": null,
      "critical_index": null
    }
  ]
}
