D:\Abhinav\College\SIH\CYBERMIND_ONE_CLICK_128GB_PORTABLE\CYBERMIND_REAL\.venv\Lib\site-packages\torch\jit\_script.py:1485: FutureWarning: `torch.jit.script` is not supported in Python 3.14+ and may break. Please switch to `torch.compile` or `torch.export`.
  warnings.warn(
D:\Abhinav\College\SIH\CYBERMIND_ONE_CLICK_128GB_PORTABLE\CYBERMIND_REAL\src\cybermind\models\temporal_encoder.py:16: UserWarning: enable_nested_tensor is True, but self.use_nested_tensor is False because encoder_layer.norm_first was True
  self.encoder=nn.TransformerEncoder(layer,num_layers=layers,norm=nn.LayerNorm(model_dim))
{
  "split": "test",
  "forecast_horizon_windows": 1,
  "metrics": {
    "f1": 0.0,
    "precision": 0.0,
    "recall": 0.0,
    "fpr": 0.0,
    "ap": 0.25,
    "mean_lead_time_seconds": 0.0,
    "illegal_transition_rate": 0.0,
    "stage_transition_pairs": 25
  },
  "per_sample": [
    {
      "scenario": "CIC-IDS2018::SYNTHETIC_FIXTURE_ONLY",
      "target": 0.0,
      "predicted_future_risk": 0.4891328513622284,
      "predictive_variance": 3.209077112842351e-05,
      "explanation": {
        "target": "ensemble_mean_infiltration_probability_at_final_step",
        "gradient_x_input": [
          {
            "feature": "bytes_per_flow",
            "attribution": 0.004836913663893938,
            "signed_attribution": 0.004836913663893938
          },
          {
            "feature": "bytes_total",
            "attribution": 0.004114159848541021,
            "signed_attribution": -0.004054845776408911
          },
          {
            "feature": "packet_count",
            "attribution": 0.0,
            "signed_attribution": 0.0
          },
          {
            "feature": "flow_count",
            "attribution": 0.0,
            "signed_attribution": 0.0
          },
          {
            "feature": "packets_total",
            "attribution": 0.0,
            "signed_attribution": 0.0
          },
          {
            "feature": "unique_peer_count",
            "attribution": 0.0,
            "signed_attribution": 0.0
          },
          {
            "feature": "unique_dst_port_count",
            "attribution": 0.0,
            "signed_attribution": 0.0
          },
          {
            "feature": "tcp_ratio",
            "attribution": 0.0,
            "signed_attribution": 0.0
          },
          {
            "feature": "udp_ratio",
            "attribution": 0.0,
            "signed_attribution": 0.0
          },
          {
            "feature": "mean_duration",
            "attribution": 0.0,
            "signed_attribution": 0.0
          }
        ],
        "temporal_attention": [
          {
            "window_index": 0,
            "timestamp": 1518566553.0,
            "attention": 0.5193102359771729
          },
          {
            "window_index": 1,
            "timestamp": 1518566554.0,
            "attention": 0.48068979382514954
          }
        ],
        "feature_occlusion": [
          {
            "feature": "bytes_per_flow",
            "baseline_risk": 0.4891328513622284,
            "counterfactual_risk": 0.459676593542099,
            "risk_reduction": 0.029456257820129395
          },
          {
            "feature": "packet_count",
            "baseline_risk": 0.4891328513622284,
            "counterfactual_risk": 0.4891328513622284,
            "risk_reduction": 0.0
          },
          {
            "feature": "flow_count",
            "baseline_risk": 0.4891328513622284,
            "counterfactual_risk": 0.4891328513622284,
            "risk_reduction": 0.0
          },
          {
            "feature": "packets_total",
            "baseline_risk": 0.4891328513622284,
            "counterfactual_risk": 0.4891328513622284,
            "risk_reduction": 0.0
          },
          {
            "feature": "unique_peer_count",
            "baseline_risk": 0.4891328513622284,
            "counterfactual_risk": 0.4891328513622284,
            "risk_reduction": 0.0
          },
          {
            "feature": "unique_dst_port_count",
            "baseline_risk": 0.4891328513622284,
            "counterfactual_risk": 0.4891328513622284,
            "risk_reduction": 0.0
          },
          {
            "feature": "tcp_ratio",
            "baseline_risk": 0.4891328513622284,
            "counterfactual_risk": 0.4891328513622284,
            "risk_reduction": 0.0
          },
          {
            "feature": "udp_ratio",
            "baseline_risk": 0.4891328513622284,
            "counterfactual_risk": 0.4891328513622284,
            "risk_reduction": 0.0
          },
          {
            "feature": "mean_duration",
            "baseline_risk": 0.4891328513622284,
            "counterfactual_risk": 0.4891328513622284,
            "risk_reduction": 0.0
          },
          {
            "feature": "mean_iat",
            "baseline_risk": 0.4891328513622284,
            "counterfactual_risk": 0.4891328513622284,
            "risk_reduction": 0.0
          }
        ],
        "what_would_reduce_risk": [
          {
            "feature": "bytes_per_flow",
            "baseline_risk": 0.4891328513622284,
            "counterfactual_risk": 0.459676593542099,
            "risk_reduction": 0.029456257820129395
          }
        ],
        "baseline_risk": 0.4891328513622284,
        "n_rollouts": 4,
        "seed": 0,
        "occlusion_baseline": "zero in model feature space (training mean for normalized continuous features)",
        "interpretation": "Model sensitivity and attention; not proof of causality or calibrated confidence."
      },
      "decoded_stages": [
        0,
        0
      ],
      "stage_decoding": "crf_viterbi",
      "stage_transition_counts": {
        "illegal": 0,
        "evaluated": 1
      },
      "lead_time_seconds": null,
      "warning_index": null,
      "critical_index": null
    },
    {
      "scenario": "CIC-IDS2018::SYNTHETIC_FIXTURE_ONLY",
      "target": 1.0,
      "predicted_future_risk": 0.489166259765625,
      "predictive_variance": 3.2100135285872966e-05,
      "explanation": {
        "target": "ensemble_mean_infiltration_probability_at_final_step",
        "gradient_x_input": [
          {
            "feature": "bytes_per_flow",
            "attribution": 0.004847164731472731,
            "signed_attribution": 0.004847164731472731
          },
          {
            "feature": "bytes_total",
            "attribution": 0.004134240560233593,
            "signed_attribution": -0.004076159559190273
          },
          {
            "feature": "packet_count",
            "attribution": 0.0,
            "signed_attribution": 0.0
          },
          {
            "feature": "flow_count",
            "attribution": 0.0,
            "signed_attribution": 0.0
          },
          {
            "feature": "packets_total",
            "attribution": 0.0,
            "signed_attribution": 0.0
          },
          {
            "feature": "unique_peer_count",
            "attribution": 0.0,
            "signed_attribution": 0.0
          },
          {
            "feature": "unique_dst_port_count",
            "attribution": 0.0,
            "signed_attribution": 0.0
          },
          {
            "feature": "tcp_ratio",
            "attribution": 0.0,
            "signed_attribution": 0.0
          },
          {
            "feature": "udp_ratio",
            "attribution": 0.0,
            "signed_attribution": 0.0
          },
          {
            "feature": "mean_duration",
            "attribution": 0.0,
            "signed_attribution": 0.0
          }
        ],
        "temporal_attention": [
          {
            "window_index": 0,
            "timestamp": 1518566554.0,
            "attention": 0.5193142890930176
          },
          {
            "window_index": 1,
            "timestamp": 1518566555.0,
            "attention": 0.4806857407093048
          }
        ],
        "feature_occlusion": [
          {
            "feature": "bytes_per_flow",
            "baseline_risk": 0.489166259765625,
            "counterfactual_risk": 0.4596770107746124,
            "risk_reduction": 0.029489248991012573
          },
          {
            "feature": "packet_count",
            "baseline_risk": 0.489166259765625,
            "counterfactual_risk": 0.489166259765625,
            "risk_reduction": 0.0
          },
          {
            "feature": "flow_count",
            "baseline_risk": 0.489166259765625,
            "counterfactual_risk": 0.489166259765625,
            "risk_reduction": 0.0
          },
          {
            "feature": "packets_total",
            "baseline_risk": 0.489166259765625,
            "counterfactual_risk": 0.489166259765625,
            "risk_reduction": 0.0
          },
          {
            "feature": "unique_peer_count",
            "baseline_risk": 0.489166259765625,
            "counterfactual_risk": 0.489166259765625,
            "risk_reduction": 0.0
          },
          {
            "feature": "unique_dst_port_count",
            "baseline_risk": 0.489166259765625,
            "counterfactual_risk": 0.489166259765625,
            "risk_reduction": 0.0
          },
          {
            "feature": "tcp_ratio",
            "baseline_risk": 0.489166259765625,
            "counterfactual_risk": 0.489166259765625,
            "risk_reduction": 0.0
          },
          {
            "feature": "udp_ratio",
            "baseline_risk": 0.489166259765625,
            "counterfactual_risk": 0.489166259765625,
            "risk_reduction": 0.0
          },
          {
            "feature": "mean_duration",
            "baseline_risk": 0.489166259765625,
            "counterfactual_risk": 0.489166259765625,
            "risk_reduction": 0.0
          },
          {
            "feature": "mean_iat",
            "baseline_risk": 0.489166259765625,
            "counterfactual_risk": 0.489166259765625,
            "risk_reduction": 0.0
          }
        ],
        "what_would_reduce_risk": [
          {
            "feature": "bytes_per_flow",
            "baseline_risk": 0.489166259765625,
            "counterfactual_risk": 0.4596770107746124,
            "risk_reduction": 0.029489248991012573
          }
        ],
        "baseline_risk": 0.489166259765625,
        "n_rollouts": 4,
        "seed": 0,
        "occlusion_baseline": "zero in model feature space (training mean for normalized continuous features)",
        "interpretation": "Model sensitivity and attention; not proof of causality or calibrated confidence."
      },
      "decoded_stages": [
        0,
        0
      ],
      "stage_decoding": "crf_viterbi",
      "stage_transition_counts": {
        "illegal": 0,
        "evaluated": 1
      },
      "lead_time_seconds": 0.0,
      "warning_index": null,
      "critical_index": 2
    },
    {
      "scenario": "CIC-IDS2018::SYNTHETIC_FIXTURE_ONLY",
      "target": 0.0,
      "predicted_future_risk": 0.48919886350631714,
      "predictive_variance": 3.210913564544171e-05,
      "explanation": {
        "target": "ensemble_mean_infiltration_probability_at_final_step",
        "gradient_x_input": [
          {
            "feature": "bytes_per_flow",
            "attribution": 0.0048573557287454605,
            "signed_attribution": 0.0048573557287454605
          },
          {
            "feature": "bytes_total",
            "attribution": 0.004154169466346502,
            "signed_attribution": -0.004097314085811377
          },
          {
            "feature": "packet_count",
            "attribution": 0.0,
            "signed_attribution": 0.0
          },
          {
            "feature": "flow_count",
            "attribution": 0.0,
            "signed_attribution": 0.0
          },
          {
            "feature": "packets_total",
            "attribution": 0.0,
            "signed_attribution": 0.0
          },
          {
            "feature": "unique_peer_count",
            "attribution": 0.0,
            "signed_attribution": 0.0
          },
          {
            "feature": "unique_dst_port_count",
            "attribution": 0.0,
            "signed_attribution": 0.0
          },
          {
            "feature": "tcp_ratio",
            "attribution": 0.0,
            "signed_attribution": 0.0
          },
          {
            "feature": "udp_ratio",
            "attribution": 0.0,
            "signed_attribution": 0.0
          },
          {
            "feature": "mean_duration",
            "attribution": 0.0,
            "signed_attribution": 0.0
          }
        ],
        "temporal_attention": [
          {
            "window_index": 0,
            "timestamp": 1518566555.0,
            "attention": 0.5193182826042175
          },
          {
            "window_index": 1,
            "timestamp": 1518566556.0,
            "attention": 0.48068174719810486
          }
        ],
        "feature_occlusion": [
          {
            "feature": "bytes_per_flow",
            "baseline_risk": 0.48919886350631714,
            "counterfactual_risk": 0.4596770405769348,
            "risk_reduction": 0.029521822929382324
          },
          {
            "feature": "packet_count",
            "baseline_risk": 0.48919886350631714,
            "counterfactual_risk": 0.48919886350631714,
            "risk_reduction": 0.0
          },
          {
            "feature": "flow_count",
            "baseline_risk": 0.48919886350631714,
            "counterfactual_risk": 0.48919886350631714,
            "risk_reduction": 0.0
          },
          {
            "feature": "packets_total",
            "baseline_risk": 0.48919886350631714,
            "counterfactual_risk": 0.48919886350631714,
            "risk_reduction": 0.0
          },
          {
            "feature": "unique_peer_count",
            "baseline_risk": 0.48919886350631714,
            "counterfactual_risk": 0.48919886350631714,
            "risk_reduction": 0.0
          },
          {
            "feature": "unique_dst_port_count",
            "baseline_risk": 0.48919886350631714,
            "counterfactual_risk": 0.48919886350631714,
            "risk_reduction": 0.0
          },
          {
            "feature": "tcp_ratio",
            "baseline_risk": 0.48919886350631714,
            "counterfactual_risk": 0.48919886350631714,
            "risk_reduction": 0.0
          },
          {
            "feature": "udp_ratio",
            "baseline_risk": 0.48919886350631714,
            "counterfactual_risk": 0.48919886350631714,
            "risk_reduction": 0.0
          },
          {
            "feature": "mean_duration",
            "baseline_risk": 0.48919886350631714,
            "counterfactual_risk": 0.48919886350631714,
            "risk_reduction": 0.0
          },
          {
            "feature": "mean_iat",
            "baseline_risk": 0.48919886350631714,
            "counterfactual_risk": 0.48919886350631714,
            "risk_reduction": 0.0
          }
        ],
        "what_would_reduce_risk": [
          {
            "feature": "bytes_per_flow",
            "baseline_risk": 0.48919886350631714,
            "counterfactual_risk": 0.4596770405769348,
            "risk_reduction": 0.029521822929382324
          }
        ],
        "baseline_risk": 0.48919886350631714,
        "n_rollouts": 4,
        "seed": 0,
        "occlusion_baseline": "zero in model feature space (training mean for normalized continuous features)",
        "interpretation": "Model sensitivity and attention; not proof of causality or calibrated confidence."
      },
      "decoded_stages": [
        0,
        0
      ],
      "stage_decoding": "crf_viterbi",
      "stage_transition_counts": {
        "illegal": 0,
        "evaluated": 1
      },
      "lead_time_seconds": 0.0,
      "warning_index": null,
      "critical_index": 1
    },
    {
      "scenario": "CIC-IDS2018::SYNTHETIC_FIXTURE_ONLY",
      "target": 0.0,
      "predicted_future_risk": 0.4892306327819824,
      "predictive_variance": 3.211850707884878e-05,
      "explanation": {
        "target": "ensemble_mean_infiltration_probability_at_final_step",
        "gradient_x_input": [
          {
            "feature": "bytes_per_flow",
            "attribution": 0.004867487121373415,
            "signed_attribution": 0.004867487121373415
          },
          {
            "feature": "bytes_total",
            "attribution": 0.004173950292170048,
            "signed_attribution": -0.004118313081562519
          },
          {
            "feature": "packet_count",
            "attribution": 0.0,
            "signed_attribution": 0.0
          },
          {
            "feature": "flow_count",
            "attribution": 0.0,
            "signed_attribution": 0.0
          },
          {
            "feature": "packets_total",
            "attribution": 0.0,
            "signed_attribution": 0.0
          },
          {
            "feature": "unique_peer_count",
            "attribution": 0.0,
            "signed_attribution": 0.0
          },
          {
            "feature": "unique_dst_port_count",
            "attribution": 0.0,
            "signed_attribution": 0.0
          },
          {
            "feature": "tcp_ratio",
            "attribution": 0.0,
            "signed_attribution": 0.0
          },
          {
            "feature": "udp_ratio",
            "attribution": 0.0,
            "signed_attribution": 0.0
          },
          {
            "feature": "mean_duration",
            "attribution": 0.0,
            "signed_attribution": 0.0
          }
        ],
        "temporal_attention": [
          {
            "window_index": 0,
            "timestamp": 1518566556.0,
            "attention": 0.5193222165107727
          },
          {
            "window_index": 1,
            "timestamp": 1518566557.0,
            "attention": 0.4806778132915497
          }
        ],
        "feature_occlusion": [
          {
            "feature": "bytes_per_flow",
            "baseline_risk": 0.4892306327819824,
            "counterfactual_risk": 0.45967668294906616,
            "risk_reduction": 0.02955394983291626
          },
          {
            "feature": "packet_count",
            "baseline_risk": 0.4892306327819824,
            "counterfactual_risk": 0.4892306327819824,
            "risk_reduction": 0.0
          },
          {
            "feature": "flow_count",
            "baseline_risk": 0.4892306327819824,
            "counterfactual_risk": 0.4892306327819824,
            "risk_reduction": 0.0
          },
          {
            "feature": "packets_total",
            "baseline_risk": 0.4892306327819824,
            "counterfactual_risk": 0.4892306327819824,
            "risk_reduction": 0.0
          },
          {
            "feature": "unique_peer_count",
            "baseline_risk": 0.4892306327819824,
            "counterfactual_risk": 0.4892306327819824,
            "risk_reduction": 0.0
          },
          {
            "feature": "unique_dst_port_count",
            "baseline_risk": 0.4892306327819824,
            "counterfactual_risk": 0.4892306327819824,
            "risk_reduction": 0.0
          },
          {
            "feature": "tcp_ratio",
            "baseline_risk": 0.4892306327819824,
            "counterfactual_risk": 0.4892306327819824,
            "risk_reduction": 0.0
          },
          {
            "feature": "udp_ratio",
            "baseline_risk": 0.4892306327819824,
            "counterfactual_risk": 0.4892306327819824,
            "risk_reduction": 0.0
          },
          {
            "feature": "mean_duration",
            "baseline_risk": 0.4892306327819824,
            "counterfactual_risk": 0.4892306327819824,
            "risk_reduction": 0.0
          },
          {
            "feature": "mean_iat",
            "baseline_risk": 0.4892306327819824,
            "counterfactual_risk": 0.4892306327819824,
            "risk_reduction": 0.0
          }
        ],
        "what_would_reduce_risk": [
          {
            "feature": "bytes_per_flow",
            "baseline_risk": 0.4892306327819824,
            "counterfactual_risk": 0.45967668294906616,
            "risk_reduction": 0.02955394983291626
          }
        ],
        "baseline_risk": 0.4892306327819824,
        "n_rollouts": 4,
        "seed": 0,
        "occlusion_baseline": "zero in model feature space (training mean for normalized continuous features)",
        "interpretation": "Model sensitivity and attention; not proof of causality or calibrated confidence."
      },
      "decoded_stages": [
        0,
        0
      ],
      "stage_decoding": "crf_viterbi",
      "stage_transition_counts": {
        "illegal": 0,
        "evaluated": 1
      },
      "lead_time_seconds": 0.0,
      "warning_index": null,
      "critical_index": 0
    },
    {
      "scenario": "CIC-IDS2018::SYNTHETIC_FIXTURE_ONLY",
      "target": 0.0,
      "predicted_future_risk": 0.4892616271972656,
      "predictive_variance": 3.212752562831156e-05,
      "explanation": {
        "target": "ensemble_mean_infiltration_probability_at_final_step",
        "gradient_x_input": [
          {
            "feature": "bytes_per_flow",
            "attribution": 0.004877557512372732,
            "signed_attribution": 0.004877557512372732
          },
          {
            "feature": "bytes_total",
            "attribution": 0.004193582106381655,
            "signed_attribution": -0.004139156546443701
          },
          {
            "feature": "packet_count",
            "attribution": 0.0,
            "signed_attribution": 0.0
          },
          {
            "feature": "flow_count",
            "attribution": 0.0,
            "signed_attribution": 0.0
          },
          {
            "feature": "packets_total",
            "attribution": 0.0,
            "signed_attribution": 0.0
          },
          {
            "feature": "unique_peer_count",
            "attribution": 0.0,
            "signed_attribution": 0.0
          },
          {
            "feature": "unique_dst_port_count",
            "attribution": 0.0,
            "signed_attribution": 0.0
          },
          {
            "feature": "tcp_ratio",
            "attribution": 0.0,
            "signed_attribution": 0.0
          },
          {
            "feature": "udp_ratio",
            "attribution": 0.0,
            "signed_attribution": 0.0
          },
          {
            "feature": "mean_duration",
            "attribution": 0.0,
            "signed_attribution": 0.0
          }
        ],
        "temporal_attention": [
          {
            "window_index": 0,
            "timestamp": 1518566557.0,
            "attention": 0.5193260312080383
          },
          {
            "window_index": 1,
            "timestamp": 1518566558.0,
            "attention": 0.48067396879196167
          }
        ],
        "feature_occlusion": [
          {
            "feature": "bytes_per_flow",
            "baseline_risk": 0.4892616271972656,
            "counterfactual_risk": 0.45967596769332886,
            "risk_reduction": 0.029585659503936768
          },
          {
            "feature": "packet_count",
            "baseline_risk": 0.4892616271972656,
            "counterfactual_risk": 0.4892616271972656,
            "risk_reduction": 0.0
          },
          {
            "feature": "flow_count",
            "baseline_risk": 0.4892616271972656,
            "counterfactual_risk": 0.4892616271972656,
            "risk_reduction": 0.0
          },
          {
            "feature": "packets_total",
            "baseline_risk": 0.4892616271972656,
            "counterfactual_risk": 0.4892616271972656,
            "risk_reduction": 0.0
          },
          {
            "feature": "unique_peer_count",
            "baseline_risk": 0.4892616271972656,
            "counterfactual_risk": 0.4892616271972656,
            "risk_reduction": 0.0
          },
          {
            "feature": "unique_dst_port_count",
            "baseline_risk": 0.4892616271972656,
            "counterfactual_risk": 0.4892616271972656,
            "risk_reduction": 0.0
          },
          {
            "feature": "tcp_ratio",
            "baseline_risk": 0.4892616271972656,
            "counterfactual_risk": 0.4892616271972656,
            "risk_reduction": 0.0
          },
          {
            "feature": "udp_ratio",
            "baseline_risk": 0.4892616271972656,
            "counterfactual_risk": 0.4892616271972656,
            "risk_reduction": 0.0
          },
          {
            "feature": "mean_duration",
            "baseline_risk": 0.4892616271972656,
            "counterfactual_risk": 0.4892616271972656,
            "risk_reduction": 0.0
          },
          {
            "feature": "mean_iat",
            "baseline_risk": 0.4892616271972656,
            "counterfactual_risk": 0.4892616271972656,
            "risk_reduction": 0.0
          }
        ],
        "what_would_reduce_risk": [
          {
            "feature": "bytes_per_flow",
            "baseline_risk": 0.4892616271972656,
            "counterfactual_risk": 0.45967596769332886,
            "risk_reduction": 0.029585659503936768
          }
        ],
        "baseline_risk": 0.4892616271972656,
        "n_rollouts": 4,
        "seed": 0,
        "occlusion_baseline": "zero in model feature space (training mean for normalized continuous features)",
        "interpretation": "Model sensitivity and attention; not proof of causality or calibrated confidence."
      },
      "decoded_stages": [
        0,
        0
      ],
      "stage_decoding": "crf_viterbi",
      "stage_transition_counts": {
        "illegal": 0,
        "evaluated": 1
      },
      "lead_time_seconds": null,
      "warning_index": null,
      "critical_index": null
    },
    {
      "scenario": "CIC-IDS2018::SYNTHETIC_FIXTURE_ONLY",
      "target": 1.0,
      "predicted_future_risk": 0.48929184675216675,
      "predictive_variance": 3.2136649679159746e-05,
      "explanation": {
        "target": "ensemble_mean_infiltration_probability_at_final_step",
        "gradient_x_input": [
          {
            "feature": "bytes_per_flow",
            "attribution": 0.004887567833065987,
            "signed_attribution": 0.004887567833065987
          },
          {
            "feature": "bytes_total",
            "attribution": 0.004213070496916771,
            "signed_attribution": -0.00415984820574522
          },
          {
            "feature": "packet_count",
            "attribution": 0.0,
            "signed_attribution": 0.0
          },
          {
            "feature": "flow_count",
            "attribution": 0.0,
            "signed_attribution": 0.0
          },
          {
            "feature": "packets_total",
            "attribution": 0.0,
            "signed_attribution": 0.0
          },
          {
            "feature": "unique_peer_count",
            "attribution": 0.0,
            "signed_attribution": 0.0
          },
          {
            "feature": "unique_dst_port_count",
            "attribution": 0.0,
            "signed_attribution": 0.0
          },
          {
            "feature": "tcp_ratio",
            "attribution": 0.0,
            "signed_attribution": 0.0
          },
          {
            "feature": "udp_ratio",
            "attribution": 0.0,
            "signed_attribution": 0.0
          },
          {
            "feature": "mean_duration",
            "attribution": 0.0,
            "signed_attribution": 0.0
          }
        ],
        "temporal_attention": [
          {
            "window_index": 0,
            "timestamp": 1518566558.0,
            "attention": 0.5193297863006592
          },
          {
            "window_index": 1,
            "timestamp": 1518566559.0,
            "attention": 0.4806702136993408
          }
        ],
        "feature_occlusion": [
          {
            "feature": "bytes_per_flow",
            "baseline_risk": 0.48929184675216675,
            "counterfactual_risk": 0.4596748948097229,
            "risk_reduction": 0.029616951942443848
          },
          {
            "feature": "packet_count",
            "baseline_risk": 0.48929184675216675,
            "counterfactual_risk": 0.48929184675216675,
            "risk_reduction": 0.0
          },
          {
            "feature": "flow_count",
            "baseline_risk": 0.48929184675216675,
            "counterfactual_risk": 0.48929184675216675,
            "risk_reduction": 0.0
          },
          {
            "feature": "packets_total",
            "baseline_risk": 0.48929184675216675,
            "counterfactual_risk": 0.48929184675216675,
            "risk_reduction": 0.0
          },
          {
            "feature": "unique_peer_count",
            "baseline_risk": 0.48929184675216675,
            "counterfactual_risk": 0.48929184675216675,
            "risk_reduction": 0.0
          },
          {
            "feature": "unique_dst_port_count",
            "baseline_risk": 0.48929184675216675,
            "counterfactual_risk": 0.48929184675216675,
            "risk_reduction": 0.0
          },
          {
            "feature": "tcp_ratio",
            "baseline_risk": 0.48929184675216675,
            "counterfactual_risk": 0.48929184675216675,
            "risk_reduction": 0.0
          },
          {
            "feature": "udp_ratio",
            "baseline_risk": 0.48929184675216675,
            "counterfactual_risk": 0.48929184675216675,
            "risk_reduction": 0.0
          },
          {
            "feature": "mean_duration",
            "baseline_risk": 0.48929184675216675,
            "counterfactual_risk": 0.48929184675216675,
            "risk_reduction": 0.0
          },
          {
            "feature": "mean_iat",
            "baseline_risk": 0.48929184675216675,
            "counterfactual_risk": 0.48929184675216675,
            "risk_reduction": 0.0
          }
        ],
        "what_would_reduce_risk": [
          {
            "feature": "bytes_per_flow",
            "baseline_risk": 0.48929184675216675,
            "counterfactual_risk": 0.4596748948097229,
            "risk_reduction": 0.029616951942443848
          }
        ],
        "baseline_risk": 0.48929184675216675,
        "n_rollouts": 4,
        "seed": 0,
        "occlusion_baseline": "zero in model feature space (training mean for normalized continuous features)",
        "interpretation": "Model sensitivity and attention; not proof of causality or calibrated confidence."
      },
      "decoded_stages": [
        0,
        0
      ],
      "stage_decoding": "crf_viterbi",
      "stage_transition_counts": {
        "illegal": 0,
        "evaluated": 1
      },
      "lead_time_seconds": 0.0,
      "warning_index": null,
      "critical_index": 2
    },
    {
      "scenario": "CIC-IDS2018::SYNTHETIC_FIXTURE_ONLY",
      "target": 0.0,
      "predicted_future_risk": 0.48932135105133057,
      "predictive_variance": 3.2145981094799936e-05,
      "explanation": {
        "target": "ensemble_mean_infiltration_probability_at_final_step",
        "gradient_x_input": [
          {
            "feature": "bytes_per_flow",
            "attribution": 0.004897517152130604,
            "signed_attribution": 0.004897517152130604
          },
          {
            "feature": "bytes_total",
            "attribution": 0.004232416395097971,
            "signed_attribution": -0.004180388990789652
          },
          {
            "feature": "packet_count",
            "attribution": 0.0,
            "signed_attribution": 0.0
          },
          {
            "feature": "flow_count",
            "attribution": 0.0,
            "signed_attribution": 0.0
          },
          {
            "feature": "packets_total",
            "attribution": 0.0,
            "signed_attribution": 0.0
          },
          {
            "feature": "unique_peer_count",
            "attribution": 0.0,
            "signed_attribution": 0.0
          },
          {
            "feature": "unique_dst_port_count",
            "attribution": 0.0,
            "signed_attribution": 0.0
          },
          {
            "feature": "tcp_ratio",
            "attribution": 0.0,
            "signed_attribution": 0.0
          },
          {
            "feature": "udp_ratio",
            "attribution": 0.0,
            "signed_attribution": 0.0
          },
          {
            "feature": "mean_duration",
            "attribution": 0.0,
            "signed_attribution": 0.0
          }
        ],
        "temporal_attention": [
          {
            "window_index": 0,
            "timestamp": 1518566559.0,
            "attention": 0.5193333625793457
          },
          {
            "window_index": 1,
            "timestamp": 1518566560.0,
            "attention": 0.4806665778160095
          }
        ],
        "feature_occlusion": [
          {
            "feature": "bytes_per_flow",
            "baseline_risk": 0.48932135105133057,
            "counterfactual_risk": 0.4596734642982483,
            "risk_reduction": 0.029647886753082275
          },
          {
            "feature": "packet_count",
            "baseline_risk": 0.48932135105133057,
            "counterfactual_risk": 0.48932135105133057,
            "risk_reduction": 0.0
          },
          {
            "feature": "flow_count",
            "baseline_risk": 0.48932135105133057,
            "counterfactual_risk": 0.48932135105133057,
            "risk_reduction": 0.0
          },
          {
            "feature": "packets_total",
            "baseline_risk": 0.48932135105133057,
            "counterfactual_risk": 0.48932135105133057,
            "risk_reduction": 0.0
          },
          {
            "feature": "unique_peer_count",
            "baseline_risk": 0.48932135105133057,
            "counterfactual_risk": 0.48932135105133057,
            "risk_reduction": 0.0
          },
          {
            "feature": "unique_dst_port_count",
            "baseline_risk": 0.48932135105133057,
            "counterfactual_risk": 0.48932135105133057,
            "risk_reduction": 0.0
          },
          {
            "feature": "tcp_ratio",
            "baseline_risk": 0.48932135105133057,
            "counterfactual_risk": 0.48932135105133057,
            "risk_reduction": 0.0
          },
          {
            "feature": "udp_ratio",
            "baseline_risk": 0.48932135105133057,
            "counterfactual_risk": 0.48932135105133057,
            "risk_reduction": 0.0
          },
          {
            "feature": "mean_duration",
            "baseline_risk": 0.48932135105133057,
            "counterfactual_risk": 0.48932135105133057,
            "risk_reduction": 0.0
          },
          {
            "feature": "mean_iat",
            "baseline_risk": 0.48932135105133057,
            "counterfactual_risk": 0.48932135105133057,
            "risk_reduction": 0.0
          }
        ],
        "what_would_reduce_risk": [
          {
            "feature": "bytes_per_flow",
            "baseline_risk": 0.48932135105133057,
            "counterfactual_risk": 0.4596734642982483,
            "risk_reduction": 0.029647886753082275
          }
        ],
        "baseline_risk": 0.48932135105133057,
        "n_rollouts": 4,
        "seed": 0,
        "occlusion_baseline": "zero in model feature space (training mean for normalized continuous features)",
        "interpretation": "Model sensitivity and attention; not proof of causality or calibrated confidence."
      },
      "decoded_stages": [
        0,
        0
      ],
      "stage_decoding": "crf_viterbi",
      "stage_transition_counts": {
        "illegal": 0,
        "evaluated": 1
      },
      "lead_time_seconds": 0.0,
      "warning_index": null,
      "critical_index": 1
    },
    {
      "scenario": "CIC-IDS2018::SYNTHETIC_FIXTURE_ONLY",
      "target": 0.0,
      "predicted_future_risk": 0.4893500804901123,
      "predictive_variance": 3.215484321117401e-05,
      "explanation": {
        "target": "ensemble_mean_infiltration_probability_at_final_step",
        "gradient_x_input": [
          {
            "feature": "bytes_per_flow",
            "attribution": 0.00490740267559886,
            "signed_attribution": 0.00490740267559886
          },
          {
            "feature": "bytes_total",
            "attribution": 0.004251618403941393,
            "signed_attribution": -0.004200777504593134
          },
          {
            "feature": "packet_count",
            "attribution": 0.0,
            "signed_attribution": 0.0
          },
          {
            "feature": "flow_count",
            "attribution": 0.0,
            "signed_attribution": 0.0
          },
          {
            "feature": "packets_total",
            "attribution": 0.0,
            "signed_attribution": 0.0
          },
          {
            "feature": "unique_peer_count",
            "attribution": 0.0,
            "signed_attribution": 0.0
          },
          {
            "feature": "unique_dst_port_count",
            "attribution": 0.0,
            "signed_attribution": 0.0
          },
          {
            "feature": "tcp_ratio",
            "attribution": 0.0,
            "signed_attribution": 0.0
          },
          {
            "feature": "udp_ratio",
            "attribution": 0.0,
            "signed_attribution": 0.0
          },
          {
            "feature": "mean_duration",
            "attribution": 0.0,
            "signed_attribution": 0.0
          }
        ],
        "temporal_attention": [
          {
            "window_index": 0,
            "timestamp": 1518566560.0,
            "attention": 0.519336998462677
          },
          {
            "window_index": 1,
            "timestamp": 1518566561.0,
            "attention": 0.480663001537323
          }
        ],
        "feature_occlusion": [
          {
            "feature": "bytes_per_flow",
            "baseline_risk": 0.4893500804901123,
            "counterfactual_risk": 0.45967167615890503,
            "risk_reduction": 0.029678404331207275
          },
          {
            "feature": "packet_count",
            "baseline_risk": 0.4893500804901123,
            "counterfactual_risk": 0.4893500804901123,
            "risk_reduction": 0.0
          },
          {
            "feature": "flow_count",
            "baseline_risk": 0.4893500804901123,
            "counterfactual_risk": 0.4893500804901123,
            "risk_reduction": 0.0
          },
          {
            "feature": "packets_total",
            "baseline_risk": 0.4893500804901123,
            "counterfactual_risk": 0.4893500804901123,
            "risk_reduction": 0.0
          },
          {
            "feature": "unique_peer_count",
            "baseline_risk": 0.4893500804901123,
            "counterfactual_risk": 0.4893500804901123,
            "risk_reduction": 0.0
          },
          {
            "feature": "unique_dst_port_count",
            "baseline_risk": 0.4893500804901123,
            "counterfactual_risk": 0.4893500804901123,
            "risk_reduction": 0.0
          },
          {
            "feature": "tcp_ratio",
            "baseline_risk": 0.4893500804901123,
            "counterfactual_risk": 0.4893500804901123,
            "risk_reduction": 0.0
          },
          {
            "feature": "udp_ratio",
            "baseline_risk": 0.4893500804901123,
            "counterfactual_risk": 0.4893500804901123,
            "risk_reduction": 0.0
          },
          {
            "feature": "mean_duration",
            "baseline_risk": 0.4893500804901123,
            "counterfactual_risk": 0.4893500804901123,
            "risk_reduction": 0.0
          },
          {
            "feature": "mean_iat",
            "baseline_risk": 0.4893500804901123,
            "counterfactual_risk": 0.4893500804901123,
            "risk_reduction": 0.0
          }
        ],
        "what_would_reduce_risk": [
          {
            "feature": "bytes_per_flow",
            "baseline_risk": 0.4893500804901123,
            "counterfactual_risk": 0.45967167615890503,
            "risk_reduction": 0.029678404331207275
          }
        ],
        "baseline_risk": 0.4893500804901123,
        "n_rollouts": 4,
        "seed": 0,
        "occlusion_baseline": "zero in model feature space (training mean for normalized continuous features)",
        "interpretation": "Model sensitivity and attention; not proof of causality or calibrated confidence."
      },
      "decoded_stages": [
        0,
        0
      ],
      "stage_decoding": "crf_viterbi",
      "stage_transition_counts": {
        "illegal": 0,
        "evaluated": 1
      },
      "lead_time_seconds": 0.0,
      "warning_index": null,
      "critical_index": 0
    },
    {
      "scenario": "CIC-IDS2018::SYNTHETIC_FIXTURE_ONLY",
      "target": 0.0,
      "predicted_future_risk": 0.4893781542778015,
      "predictive_variance": 3.216395271010697e-05,
      "explanation": {
        "target": "ensemble_mean_infiltration_probability_at_final_step",
        "gradient_x_input": [
          {
            "feature": "bytes_per_flow",
            "attribution": 0.0049172271974384785,
            "signed_attribution": 0.0049172271974384785
          },
          {
            "feature": "bytes_total",
            "attribution": 0.0042706807143986225,
            "signed_attribution": -0.004221018869429827
          },
          {
            "feature": "packet_count",
            "attribution": 0.0,
            "signed_attribution": 0.0
          },
          {
            "feature": "flow_count",
            "attribution": 0.0,
            "signed_attribution": 0.0
          },
          {
            "feature": "packets_total",
            "attribution": 0.0,
            "signed_attribution": 0.0
          },
          {
            "feature": "unique_peer_count",
            "attribution": 0.0,
            "signed_attribution": 0.0
          },
          {
            "feature": "unique_dst_port_count",
            "attribution": 0.0,
            "signed_attribution": 0.0
          },
          {
            "feature": "tcp_ratio",
            "attribution": 0.0,
            "signed_attribution": 0.0
          },
          {
            "feature": "udp_ratio",
            "attribution": 0.0,
            "signed_attribution": 0.0
          },
          {
            "feature": "mean_duration",
            "attribution": 0.0,
            "signed_attribution": 0.0
          }
        ],
        "temporal_attention": [
          {
            "window_index": 0,
            "timestamp": 1518566561.0,
            "attention": 0.5193403959274292
          },
          {
            "window_index": 1,
            "timestamp": 1518566562.0,
            "attention": 0.4806596040725708
          }
        ],
        "feature_occlusion": [
          {
            "feature": "bytes_per_flow",
            "baseline_risk": 0.4893781542778015,
            "counterfactual_risk": 0.4596695899963379,
            "risk_reduction": 0.029708564281463623
          },
          {
            "feature": "packet_count",
            "baseline_risk": 0.4893781542778015,
            "counterfactual_risk": 0.4893781542778015,
            "risk_reduction": 0.0
          },
          {
            "feature": "flow_count",
            "baseline_risk": 0.4893781542778015,
            "counterfactual_risk": 0.4893781542778015,
            "risk_reduction": 0.0
          },
          {
            "feature": "packets_total",
            "baseline_risk": 0.4893781542778015,
            "counterfactual_risk": 0.4893781542778015,
            "risk_reduction": 0.0
          },
          {
            "feature": "unique_peer_count",
            "baseline_risk": 0.4893781542778015,
            "counterfactual_risk": 0.4893781542778015,
            "risk_reduction": 0.0
          },
          {
            "feature": "unique_dst_port_count",
            "baseline_risk": 0.4893781542778015,
            "counterfactual_risk": 0.4893781542778015,
            "risk_reduction": 0.0
          },
          {
            "feature": "tcp_ratio",
            "baseline_risk": 0.4893781542778015,
            "counterfactual_risk": 0.4893781542778015,
            "risk_reduction": 0.0
          },
          {
            "feature": "udp_ratio",
            "baseline_risk": 0.4893781542778015,
            "counterfactual_risk": 0.4893781542778015,
            "risk_reduction": 0.0
          },
          {
            "feature": "mean_duration",
            "baseline_risk": 0.4893781542778015,
            "counterfactual_risk": 0.4893781542778015,
            "risk_reduction": 0.0
          },
          {
            "feature": "mean_iat",
            "baseline_risk": 0.4893781542778015,
            "counterfactual_risk": 0.4893781542778015,
            "risk_reduction": 0.0
          }
        ],
        "what_would_reduce_risk": [
          {
            "feature": "bytes_per_flow",
            "baseline_risk": 0.4893781542778015,
            "counterfactual_risk": 0.4596695899963379,
            "risk_reduction": 0.029708564281463623
          }
        ],
        "baseline_risk": 0.4893781542778015,
        "n_rollouts": 4,
        "seed": 0,
        "occlusion_baseline": "zero in model feature space (training mean for normalized continuous features)",
        "interpretation": "Model sensitivity and attention; not proof of causality or calibrated confidence."
      },
      "decoded_stages": [
        0,
        0
      ],
      "stage_decoding": "crf_viterbi",
      "stage_transition_counts": {
        "illegal": 0,
        "evaluated": 1
      },
      "lead_time_seconds": null,
      "warning_index": null,
      "critical_index": null
    },
    {
      "scenario": "CIC-IDS2018::SYNTHETIC_FIXTURE_ONLY",
      "target": 1.0,
      "predicted_future_risk": 0.4894055426120758,
      "predictive_variance": 3.21727929986082e-05,
      "explanation": {
        "target": "ensemble_mean_infiltration_probability_at_final_step",
        "gradient_x_input": [
          {
            "feature": "bytes_per_flow",
            "attribution": 0.004926987458020449,
            "signed_attribution": 0.004926987458020449
          },
          {
            "feature": "bytes_total",
            "attribution": 0.004289602395147085,
            "signed_attribution": -0.0042411102913320065
          },
          {
            "feature": "packet_count",
            "attribution": 0.0,
            "signed_attribution": 0.0
          },
          {
            "feature": "flow_count",
            "attribution": 0.0,
            "signed_attribution": 0.0
          },
          {
            "feature": "packets_total",
            "attribution": 0.0,
            "signed_attribution": 0.0
          },
          {
            "feature": "unique_peer_count",
            "attribution": 0.0,
            "signed_attribution": 0.0
          },
          {
            "feature": "unique_dst_port_count",
            "attribution": 0.0,
            "signed_attribution": 0.0
          },
          {
            "feature": "tcp_ratio",
            "attribution": 0.0,
            "signed_attribution": 0.0
          },
          {
            "feature": "udp_ratio",
            "attribution": 0.0,
            "signed_attribution": 0.0
          },
          {
            "feature": "mean_duration",
            "attribution": 0.0,
            "signed_attribution": 0.0
          }
        ],
        "temporal_attention": [
          {
            "window_index": 0,
            "timestamp": 1518566562.0,
            "attention": 0.5193437933921814
          },
          {
            "window_index": 1,
            "timestamp": 1518566563.0,
            "attention": 0.4806562066078186
          }
        ],
        "feature_occlusion": [
          {
            "feature": "bytes_per_flow",
            "baseline_risk": 0.4894055426120758,
            "counterfactual_risk": 0.4596671462059021,
            "risk_reduction": 0.029738396406173706
          },
          {
            "feature": "packet_count",
            "baseline_risk": 0.4894055426120758,
            "counterfactual_risk": 0.4894055426120758,
            "risk_reduction": 0.0
          },
          {
            "feature": "flow_count",
            "baseline_risk": 0.4894055426120758,
            "counterfactual_risk": 0.4894055426120758,
            "risk_reduction": 0.0
          },
          {
            "feature": "packets_total",
            "baseline_risk": 0.4894055426120758,
            "counterfactual_risk": 0.4894055426120758,
            "risk_reduction": 0.0
          },
          {
            "feature": "unique_peer_count",
            "baseline_risk": 0.4894055426120758,
            "counterfactual_risk": 0.4894055426120758,
            "risk_reduction": 0.0
          },
          {
            "feature": "unique_dst_port_count",
            "baseline_risk": 0.4894055426120758,
            "counterfactual_risk": 0.4894055426120758,
            "risk_reduction": 0.0
          },
          {
            "feature": "tcp_ratio",
            "baseline_risk": 0.4894055426120758,
            "counterfactual_risk": 0.4894055426120758,
            "risk_reduction": 0.0
          },
          {
            "feature": "udp_ratio",
            "baseline_risk": 0.4894055426120758,
            "counterfactual_risk": 0.4894055426120758,
            "risk_reduction": 0.0
          },
          {
            "feature": "mean_duration",
            "baseline_risk": 0.4894055426120758,
            "counterfactual_risk": 0.4894055426120758,
            "risk_reduction": 0.0
          },
          {
            "feature": "mean_iat",
            "baseline_risk": 0.4894055426120758,
            "counterfactual_risk": 0.4894055426120758,
            "risk_reduction": 0.0
          }
        ],
        "what_would_reduce_risk": [
          {
            "feature": "bytes_per_flow",
            "baseline_risk": 0.4894055426120758,
            "counterfactual_risk": 0.4596671462059021,
            "risk_reduction": 0.029738396406173706
          }
        ],
        "baseline_risk": 0.4894055426120758,
        "n_rollouts": 4,
        "seed": 0,
        "occlusion_baseline": "zero in model feature space (training mean for normalized continuous features)",
        "interpretation": "Model sensitivity and attention; not proof of causality or calibrated confidence."
      },
      "decoded_stages": [
        0,
        0
      ],
      "stage_decoding": "crf_viterbi",
      "stage_transition_counts": {
        "illegal": 0,
        "evaluated": 1
      },
      "lead_time_seconds": 0.0,
      "warning_index": null,
      "critical_index": 2
    },
    {
      "scenario": "CIC-IDS2018::SYNTHETIC_FIXTURE_ONLY",
      "target": 0.0,
      "predicted_future_risk": 0.4894322454929352,
      "predictive_variance": 3.2181909773498774e-05,
      "explanation": {
        "target": "ensemble_mean_infiltration_probability_at_final_step",
        "gradient_x_input": [
          {
            "feature": "bytes_per_flow",
            "attribution": 0.004936684854328632,
            "signed_attribution": 0.004936684854328632
          },
          {
            "feature": "bytes_total",
            "attribution": 0.004308384843170643,
            "signed_attribution": -0.004261055029928684
          },
          {
            "feature": "packet_count",
            "attribution": 0.0,
            "signed_attribution": 0.0
          },
          {
            "feature": "flow_count",
            "attribution": 0.0,
            "signed_attribution": 0.0
          },
          {
            "feature": "packets_total",
            "attribution": 0.0,
            "signed_attribution": 0.0
          },
          {
            "feature": "unique_peer_count",
            "attribution": 0.0,
            "signed_attribution": 0.0
          },
          {
            "feature": "unique_dst_port_count",
            "attribution": 0.0,
            "signed_attribution": 0.0
          },
          {
            "feature": "tcp_ratio",
            "attribution": 0.0,
            "signed_attribution": 0.0
          },
          {
            "feature": "udp_ratio",
            "attribution": 0.0,
            "signed_attribution": 0.0
          },
          {
            "feature": "mean_duration",
            "attribution": 0.0,
            "signed_attribution": 0.0
          }
        ],
        "temporal_attention": [
          {
            "window_index": 0,
            "timestamp": 1518566563.0,
            "attention": 0.519347071647644
          },
          {
            "window_index": 1,
            "timestamp": 1518566564.0,
            "attention": 0.48065292835235596
          }
        ],
        "feature_occlusion": [
          {
            "feature": "bytes_per_flow",
            "baseline_risk": 0.4894322454929352,
            "counterfactual_risk": 0.45966440439224243,
            "risk_reduction": 0.02976784110069275
          },
          {
            "feature": "packet_count",
            "baseline_risk": 0.4894322454929352,
            "counterfactual_risk": 0.4894322454929352,
            "risk_reduction": 0.0
          },
          {
            "feature": "flow_count",
            "baseline_risk": 0.4894322454929352,
            "counterfactual_risk": 0.4894322454929352,
            "risk_reduction": 0.0
          },
          {
            "feature": "packets_total",
            "baseline_risk": 0.4894322454929352,
            "counterfactual_risk": 0.4894322454929352,
            "risk_reduction": 0.0
          },
          {
            "feature": "unique_peer_count",
            "baseline_risk": 0.4894322454929352,
            "counterfactual_risk": 0.4894322454929352,
            "risk_reduction": 0.0
          },
          {
            "feature": "unique_dst_port_count",
            "baseline_risk": 0.4894322454929352,
            "counterfactual_risk": 0.4894322454929352,
            "risk_reduction": 0.0
          },
          {
            "feature": "tcp_ratio",
            "baseline_risk": 0.4894322454929352,
            "counterfactual_risk": 0.4894322454929352,
            "risk_reduction": 0.0
          },
          {
            "feature": "udp_ratio",
            "baseline_risk": 0.4894322454929352,
            "counterfactual_risk": 0.4894322454929352,
            "risk_reduction": 0.0
          },
          {
            "feature": "mean_duration",
            "baseline_risk": 0.4894322454929352,
            "counterfactual_risk": 0.4894322454929352,
            "risk_reduction": 0.0
          },
          {
            "feature": "mean_iat",
            "baseline_risk": 0.4894322454929352,
            "counterfactual_risk": 0.4894322454929352,
            "risk_reduction": 0.0
          }
        ],
        "what_would_reduce_risk": [
          {
            "feature": "bytes_per_flow",
            "baseline_risk": 0.4894322454929352,
            "counterfactual_risk": 0.45966440439224243,
            "risk_reduction": 0.02976784110069275
          }
        ],
        "baseline_risk": 0.4894322454929352,
        "n_rollouts": 4,
        "seed": 0,
        "occlusion_baseline": "zero in model feature space (training mean for normalized continuous features)",
        "interpretation": "Model sensitivity and attention; not proof of causality or calibrated confidence."
      },
      "decoded_stages": [
        0,
        0
      ],
      "stage_decoding": "crf_viterbi",
      "stage_transition_counts": {
        "illegal": 0,
        "evaluated": 1
      },
      "lead_time_seconds": 0.0,
      "warning_index": null,
      "critical_index": 1
    },
    {
      "scenario": "CIC-IDS2018::SYNTHETIC_FIXTURE_ONLY",
      "target": 0.0,
      "predicted_future_risk": 0.489458292722702,
      "predictive_variance": 3.219077916583046e-05,
      "explanation": {
        "target": "ensemble_mean_infiltration_probability_at_final_step",
        "gradient_x_input": [
          {
            "feature": "bytes_per_flow",
            "attribution": 0.004946318920701742,
            "signed_attribution": 0.004946318920701742
          },
          {
            "feature": "bytes_total",
            "attribution": 0.0043270341120660305,
            "signed_attribution": -0.004280857276171446
          },
          {
            "feature": "packet_count",
            "attribution": 0.0,
            "signed_attribution": 0.0
          },
          {
            "feature": "flow_count",
            "attribution": 0.0,
            "signed_attribution": 0.0
          },
          {
            "feature": "packets_total",
            "attribution": 0.0,
            "signed_attribution": 0.0
          },
          {
            "feature": "unique_peer_count",
            "attribution": 0.0,
            "signed_attribution": 0.0
          },
          {
            "feature": "unique_dst_port_count",
            "attribution": 0.0,
            "signed_attribution": 0.0
          },
          {
            "feature": "tcp_ratio",
            "attribution": 0.0,
            "signed_attribution": 0.0
          },
          {
            "feature": "udp_ratio",
            "attribution": 0.0,
            "signed_attribution": 0.0
          },
          {
            "feature": "mean_duration",
            "attribution": 0.0,
            "signed_attribution": 0.0
          }
        ],
        "temporal_attention": [
          {
            "window_index": 0,
            "timestamp": 1518566564.0,
            "attention": 0.5193502902984619
          },
          {
            "window_index": 1,
            "timestamp": 1518566565.0,
            "attention": 0.4806497097015381
          }
        ],
        "feature_occlusion": [
          {
            "feature": "bytes_per_flow",
            "baseline_risk": 0.489458292722702,
            "counterfactual_risk": 0.4596613943576813,
            "risk_reduction": 0.029796898365020752
          },
          {
            "feature": "packet_count",
            "baseline_risk": 0.489458292722702,
            "counterfactual_risk": 0.489458292722702,
            "risk_reduction": 0.0
          },
          {
            "feature": "flow_count",
            "baseline_risk": 0.489458292722702,
            "counterfactual_risk": 0.489458292722702,
            "risk_reduction": 0.0
          },
          {
            "feature": "packets_total",
            "baseline_risk": 0.489458292722702,
            "counterfactual_risk": 0.489458292722702,
            "risk_reduction": 0.0
          },
          {
            "feature": "unique_peer_count",
            "baseline_risk": 0.489458292722702,
            "counterfactual_risk": 0.489458292722702,
            "risk_reduction": 0.0
          },
          {
            "feature": "unique_dst_port_count",
            "baseline_risk": 0.489458292722702,
            "counterfactual_risk": 0.489458292722702,
            "risk_reduction": 0.0
          },
          {
            "feature": "tcp_ratio",
            "baseline_risk": 0.489458292722702,
            "counterfactual_risk": 0.489458292722702,
            "risk_reduction": 0.0
          },
          {
            "feature": "udp_ratio",
            "baseline_risk": 0.489458292722702,
            "counterfactual_risk": 0.489458292722702,
            "risk_reduction": 0.0
          },
          {
            "feature": "mean_duration",
            "baseline_risk": 0.489458292722702,
            "counterfactual_risk": 0.489458292722702,
            "risk_reduction": 0.0
          },
          {
            "feature": "mean_iat",
            "baseline_risk": 0.489458292722702,
            "counterfactual_risk": 0.489458292722702,
            "risk_reduction": 0.0
          }
        ],
        "what_would_reduce_risk": [
          {
            "feature": "bytes_per_flow",
            "baseline_risk": 0.489458292722702,
            "counterfactual_risk": 0.4596613943576813,
            "risk_reduction": 0.029796898365020752
          }
        ],
        "baseline_risk": 0.489458292722702,
        "n_rollouts": 4,
        "seed": 0,
        "occlusion_baseline": "zero in model feature space (training mean for normalized continuous features)",
        "interpretation": "Model sensitivity and attention; not proof of causality or calibrated confidence."
      },
      "decoded_stages": [
        0,
        0
      ],
      "stage_decoding": "crf_viterbi",
      "stage_transition_counts": {
        "illegal": 0,
        "evaluated": 1
      },
      "lead_time_seconds": 0.0,
      "warning_index": null,
      "critical_index": 0
    },
    {
      "scenario": "CIC-IDS2018::SYNTHETIC_FIXTURE_ONLY",
      "target": 0.0,
      "predicted_future_risk": 0.48948368430137634,
      "predictive_variance": 3.220014332327992e-05,
      "explanation": {
        "target": "ensemble_mean_infiltration_probability_at_final_step",
        "gradient_x_input": [
          {
            "feature": "bytes_per_flow",
            "attribution": 0.0049558887258172035,
            "signed_attribution": 0.0049558887258172035
          },
          {
            "feature": "bytes_total",
            "attribution": 0.00434554647654295,
            "signed_attribution": -0.004300513304769993
          },
          {
            "feature": "packet_count",
            "attribution": 0.0,
            "signed_attribution": 0.0
          },
          {
            "feature": "flow_count",
            "attribution": 0.0,
            "signed_attribution": 0.0
          },
          {
            "feature": "packets_total",
            "attribution": 0.0,
            "signed_attribution": 0.0
          },
          {
            "feature": "unique_peer_count",
            "attribution": 0.0,
            "signed_attribution": 0.0
          },
          {
            "feature": "unique_dst_port_count",
            "attribution": 0.0,
            "signed_attribution": 0.0
          },
          {
            "feature": "tcp_ratio",
            "attribution": 0.0,
            "signed_attribution": 0.0
          },
          {
            "feature": "udp_ratio",
            "attribution": 0.0,
            "signed_attribution": 0.0
          },
          {
            "feature": "mean_duration",
            "attribution": 0.0,
            "signed_attribution": 0.0
          }
        ],
        "temporal_attention": [
          {
            "window_index": 0,
            "timestamp": 1518566565.0,
            "attention": 0.519353449344635
          },
          {
            "window_index": 1,
            "timestamp": 1518566566.0,
            "attention": 0.4806465804576874
          }
        ],
        "feature_occlusion": [
          {
            "feature": "bytes_per_flow",
            "baseline_risk": 0.48948368430137634,
            "counterfactual_risk": 0.45965802669525146,
            "risk_reduction": 0.029825657606124878
          },
          {
            "feature": "packet_count",
            "baseline_risk": 0.48948368430137634,
            "counterfactual_risk": 0.48948368430137634,
            "risk_reduction": 0.0
          },
          {
            "feature": "flow_count",
            "baseline_risk": 0.48948368430137634,
            "counterfactual_risk": 0.48948368430137634,
            "risk_reduction": 0.0
          },
          {
            "feature": "packets_total",
            "baseline_risk": 0.48948368430137634,
            "counterfactual_risk": 0.48948368430137634,
            "risk_reduction": 0.0
          },
          {
            "feature": "unique_peer_count",
            "baseline_risk": 0.48948368430137634,
            "counterfactual_risk": 0.48948368430137634,
            "risk_reduction": 0.0
          },
          {
            "feature": "unique_dst_port_count",
            "baseline_risk": 0.48948368430137634,
            "counterfactual_risk": 0.48948368430137634,
            "risk_reduction": 0.0
          },
          {
            "feature": "tcp_ratio",
            "baseline_risk": 0.48948368430137634,
            "counterfactual_risk": 0.48948368430137634,
            "risk_reduction": 0.0
          },
          {
            "feature": "udp_ratio",
            "baseline_risk": 0.48948368430137634,
            "counterfactual_risk": 0.48948368430137634,
            "risk_reduction": 0.0
          },
          {
            "feature": "mean_duration",
            "baseline_risk": 0.48948368430137634,
            "counterfactual_risk": 0.48948368430137634,
            "risk_reduction": 0.0
          },
          {
            "feature": "mean_iat",
            "baseline_risk": 0.48948368430137634,
            "counterfactual_risk": 0.48948368430137634,
            "risk_reduction": 0.0
          }
        ],
        "what_would_reduce_risk": [
          {
            "feature": "bytes_per_flow",
            "baseline_risk": 0.48948368430137634,
            "counterfactual_risk": 0.45965802669525146,
            "risk_reduction": 0.029825657606124878
          }
        ],
        "baseline_risk": 0.48948368430137634,
        "n_rollouts": 4,
        "seed": 0,
        "occlusion_baseline": "zero in model feature space (training mean for normalized continuous features)",
        "interpretation": "Model sensitivity and attention; not proof of causality or calibrated confidence."
      },
      "decoded_stages": [
        0,
        0
      ],
      "stage_decoding": "crf_viterbi",
      "stage_transition_counts": {
        "illegal": 0,
        "evaluated": 1
      },
      "lead_time_seconds": null,
      "warning_index": null,
      "critical_index": null
    },
    {
      "scenario": "CIC-IDS2018::SYNTHETIC_FIXTURE_ONLY",
      "target": 1.0,
      "predicted_future_risk": 0.4895084500312805,
      "predictive_variance": 3.2208852644544095e-05,
      "explanation": {
        "target": "ensemble_mean_infiltration_probability_at_final_step",
        "gradient_x_input": [
          {
            "feature": "bytes_per_flow",
            "attribution": 0.004965394269675016,
            "signed_attribution": 0.004965394269675016
          },
          {
            "feature": "bytes_total",
            "attribution": 0.004363925661891699,
            "signed_attribution": -0.004320027772337198
          },
          {
            "feature": "packet_count",
            "attribution": 0.0,
            "signed_attribution": 0.0
          },
          {
            "feature": "flow_count",
            "attribution": 0.0,
            "signed_attribution": 0.0
          },
          {
            "feature": "packets_total",
            "attribution": 0.0,
            "signed_attribution": 0.0
          },
          {
            "feature": "unique_peer_count",
            "attribution": 0.0,
            "signed_attribution": 0.0
          },
          {
            "feature": "unique_dst_port_count",
            "attribution": 0.0,
            "signed_attribution": 0.0
          },
          {
            "feature": "tcp_ratio",
            "attribution": 0.0,
            "signed_attribution": 0.0
          },
          {
            "feature": "udp_ratio",
            "attribution": 0.0,
            "signed_attribution": 0.0
          },
          {
            "feature": "mean_duration",
            "attribution": 0.0,
            "signed_attribution": 0.0
          }
        ],
        "temporal_attention": [
          {
            "window_index": 0,
            "timestamp": 1518566566.0,
            "attention": 0.5193564295768738
          },
          {
            "window_index": 1,
            "timestamp": 1518566567.0,
            "attention": 0.4806435704231262
          }
        ],
        "feature_occlusion": [
          {
            "feature": "bytes_per_flow",
            "baseline_risk": 0.4895084500312805,
            "counterfactual_risk": 0.45965442061424255,
            "risk_reduction": 0.029854029417037964
          },
          {
            "feature": "packet_count",
            "baseline_risk": 0.4895084500312805,
            "counterfactual_risk": 0.4895084500312805,
            "risk_reduction": 0.0
          },
          {
            "feature": "flow_count",
            "baseline_risk": 0.4895084500312805,
            "counterfactual_risk": 0.4895084500312805,
            "risk_reduction": 0.0
          },
          {
            "feature": "packets_total",
            "baseline_risk": 0.4895084500312805,
            "counterfactual_risk": 0.4895084500312805,
            "risk_reduction": 0.0
          },
          {
            "feature": "unique_peer_count",
            "baseline_risk": 0.4895084500312805,
            "counterfactual_risk": 0.4895084500312805,
            "risk_reduction": 0.0
          },
          {
            "feature": "unique_dst_port_count",
            "baseline_risk": 0.4895084500312805,
            "counterfactual_risk": 0.4895084500312805,
            "risk_reduction": 0.0
          },
          {
            "feature": "tcp_ratio",
            "baseline_risk": 0.4895084500312805,
            "counterfactual_risk": 0.4895084500312805,
            "risk_reduction": 0.0
          },
          {
            "feature": "udp_ratio",
            "baseline_risk": 0.4895084500312805,
            "counterfactual_risk": 0.4895084500312805,
            "risk_reduction": 0.0
          },
          {
            "feature": "mean_duration",
            "baseline_risk": 0.4895084500312805,
            "counterfactual_risk": 0.4895084500312805,
            "risk_reduction": 0.0
          },
          {
            "feature": "mean_iat",
            "baseline_risk": 0.4895084500312805,
            "counterfactual_risk": 0.4895084500312805,
            "risk_reduction": 0.0
          }
        ],
        "what_would_reduce_risk": [
          {
            "feature": "bytes_per_flow",
            "baseline_risk": 0.4895084500312805,
            "counterfactual_risk": 0.45965442061424255,
            "risk_reduction": 0.029854029417037964
          }
        ],
        "baseline_risk": 0.4895084500312805,
        "n_rollouts": 4,
        "seed": 0,
        "occlusion_baseline": "zero in model feature space (training mean for normalized continuous features)",
        "interpretation": "Model sensitivity and attention; not proof of causality or calibrated confidence."
      },
      "decoded_stages": [
        0,
        0
      ],
      "stage_decoding": "crf_viterbi",
      "stage_transition_counts": {
        "illegal": 0,
        "evaluated": 1
      },
      "lead_time_seconds": 0.0,
      "warning_index": null,
      "critical_index": 2
    },
    {
      "scenario": "CIC-IDS2018::SYNTHETIC_FIXTURE_ONLY",
      "target": 0.0,
      "predicted_future_risk": 0.4895326495170593,
      "predictive_variance": 3.221767474315129e-05,
      "explanation": {
        "target": "ensemble_mean_infiltration_probability_at_final_step",
        "gradient_x_input": [
          {
            "feature": "bytes_per_flow",
            "attribution": 0.004974831826984882,
            "signed_attribution": 0.004974831826984882
          },
          {
            "feature": "bytes_total",
            "attribution": 0.004382169805467129,
            "signed_attribution": -0.004339397884905338
          },
          {
            "feature": "packet_count",
            "attribution": 0.0,
            "signed_attribution": 0.0
          },
          {
            "feature": "flow_count",
            "attribution": 0.0,
            "signed_attribution": 0.0
          },
          {
            "feature": "packets_total",
            "attribution": 0.0,
            "signed_attribution": 0.0
          },
          {
            "feature": "unique_peer_count",
            "attribution": 0.0,
            "signed_attribution": 0.0
          },
          {
            "feature": "unique_dst_port_count",
            "attribution": 0.0,
            "signed_attribution": 0.0
          },
          {
            "feature": "tcp_ratio",
            "attribution": 0.0,
            "signed_attribution": 0.0
          },
          {
            "feature": "udp_ratio",
            "attribution": 0.0,
            "signed_attribution": 0.0
          },
          {
            "feature": "mean_duration",
            "attribution": 0.0,
            "signed_attribution": 0.0
          }
        ],
        "temporal_attention": [
          {
            "window_index": 0,
            "timestamp": 1518566567.0,
            "attention": 0.5193594098091125
          },
          {
            "window_index": 1,
            "timestamp": 1518566568.0,
            "attention": 0.48064059019088745
          }
        ],
        "feature_occlusion": [
          {
            "feature": "bytes_per_flow",
            "baseline_risk": 0.4895326495170593,
            "counterfactual_risk": 0.45965051651000977,
            "risk_reduction": 0.02988213300704956
          },
          {
            "feature": "packet_count",
            "baseline_risk": 0.4895326495170593,
            "counterfactual_risk": 0.4895326495170593,
            "risk_reduction": 0.0
          },
          {
            "feature": "flow_count",
            "baseline_risk": 0.4895326495170593,
            "counterfactual_risk": 0.4895326495170593,
            "risk_reduction": 0.0
          },
          {
            "feature": "packets_total",
            "baseline_risk": 0.4895326495170593,
            "counterfactual_risk": 0.4895326495170593,
            "risk_reduction": 0.0
          },
          {
            "feature": "unique_peer_count",
            "baseline_risk": 0.4895326495170593,
            "counterfactual_risk": 0.4895326495170593,
            "risk_reduction": 0.0
          },
          {
            "feature": "unique_dst_port_count",
            "baseline_risk": 0.4895326495170593,
            "counterfactual_risk": 0.4895326495170593,
            "risk_reduction": 0.0
          },
          {
            "feature": "tcp_ratio",
            "baseline_risk": 0.4895326495170593,
            "counterfactual_risk": 0.4895326495170593,
            "risk_reduction": 0.0
          },
          {
            "feature": "udp_ratio",
            "baseline_risk": 0.4895326495170593,
            "counterfactual_risk": 0.4895326495170593,
            "risk_reduction": 0.0
          },
          {
            "feature": "mean_duration",
            "baseline_risk": 0.4895326495170593,
            "counterfactual_risk": 0.4895326495170593,
            "risk_reduction": 0.0
          },
          {
            "feature": "mean_iat",
            "baseline_risk": 0.4895326495170593,
            "counterfactual_risk": 0.4895326495170593,
            "risk_reduction": 0.0
          }
        ],
        "what_would_reduce_risk": [
          {
            "feature": "bytes_per_flow",
            "baseline_risk": 0.4895326495170593,
            "counterfactual_risk": 0.45965051651000977,
            "risk_reduction": 0.02988213300704956
          }
        ],
        "baseline_risk": 0.4895326495170593,
        "n_rollouts": 4,
        "seed": 0,
        "occlusion_baseline": "zero in model feature space (training mean for normalized continuous features)",
        "interpretation": "Model sensitivity and attention; not proof of causality or calibrated confidence."
      },
      "decoded_stages": [
        0,
        0
      ],
      "stage_decoding": "crf_viterbi",
      "stage_transition_counts": {
        "illegal": 0,
        "evaluated": 1
      },
      "lead_time_seconds": 0.0,
      "warning_index": null,
      "critical_index": 1
    },
    {
      "scenario": "CIC-IDS2018::SYNTHETIC_FIXTURE_ONLY",
      "target": 0.0,
      "predicted_future_risk": 0.4895561933517456,
      "predictive_variance": 3.222626764909364e-05,
      "explanation": {
        "target": "ensemble_mean_infiltration_probability_at_final_step",
        "gradient_x_input": [
          {
            "feature": "bytes_per_flow",
            "attribution": 0.004984209313988686,
            "signed_attribution": 0.004984209313988686
          },
          {
            "feature": "bytes_total",
            "attribution": 0.004400285892188549,
            "signed_attribution": -0.004358631558716297
          },
          {
            "feature": "packet_count",
            "attribution": 0.0,
            "signed_attribution": 0.0
          },
          {
            "feature": "flow_count",
            "attribution": 0.0,
            "signed_attribution": 0.0
          },
          {
            "feature": "packets_total",
            "attribution": 0.0,
            "signed_attribution": 0.0
          },
          {
            "feature": "unique_peer_count",
            "attribution": 0.0,
            "signed_attribution": 0.0
          },
          {
            "feature": "unique_dst_port_count",
            "attribution": 0.0,
            "signed_attribution": 0.0
          },
          {
            "feature": "tcp_ratio",
            "attribution": 0.0,
            "signed_attribution": 0.0
          },
          {
            "feature": "udp_ratio",
            "attribution": 0.0,
            "signed_attribution": 0.0
          },
          {
            "feature": "mean_duration",
            "attribution": 0.0,
            "signed_attribution": 0.0
          }
        ],
        "temporal_attention": [
          {
            "window_index": 0,
            "timestamp": 1518566568.0,
            "attention": 0.5193623304367065
          },
          {
            "window_index": 1,
            "timestamp": 1518566569.0,
            "attention": 0.48063766956329346
          }
        ],
        "feature_occlusion": [
          {
            "feature": "bytes_per_flow",
            "baseline_risk": 0.4895561933517456,
            "counterfactual_risk": 0.4596463143825531,
            "risk_reduction": 0.029909878969192505
          },
          {
            "feature": "packet_count",
            "baseline_risk": 0.4895561933517456,
            "counterfactual_risk": 0.4895561933517456,
            "risk_reduction": 0.0
          },
          {
            "feature": "flow_count",
            "baseline_risk": 0.4895561933517456,
            "counterfactual_risk": 0.4895561933517456,
            "risk_reduction": 0.0
          },
          {
            "feature": "packets_total",
            "baseline_risk": 0.4895561933517456,
            "counterfactual_risk": 0.4895561933517456,
            "risk_reduction": 0.0
          },
          {
            "feature": "unique_peer_count",
            "baseline_risk": 0.4895561933517456,
            "counterfactual_risk": 0.4895561933517456,
            "risk_reduction": 0.0
          },
          {
            "feature": "unique_dst_port_count",
            "baseline_risk": 0.4895561933517456,
            "counterfactual_risk": 0.4895561933517456,
            "risk_reduction": 0.0
          },
          {
            "feature": "tcp_ratio",
            "baseline_risk": 0.4895561933517456,
            "counterfactual_risk": 0.4895561933517456,
            "risk_reduction": 0.0
          },
          {
            "feature": "udp_ratio",
            "baseline_risk": 0.4895561933517456,
            "counterfactual_risk": 0.4895561933517456,
            "risk_reduction": 0.0
          },
          {
            "feature": "mean_duration",
            "baseline_risk": 0.4895561933517456,
            "counterfactual_risk": 0.4895561933517456,
            "risk_reduction": 0.0
          },
          {
            "feature": "mean_iat",
            "baseline_risk": 0.4895561933517456,
            "counterfactual_risk": 0.4895561933517456,
            "risk_reduction": 0.0
          }
        ],
        "what_would_reduce_risk": [
          {
            "feature": "bytes_per_flow",
            "baseline_risk": 0.4895561933517456,
            "counterfactual_risk": 0.4596463143825531,
            "risk_reduction": 0.029909878969192505
          }
        ],
        "baseline_risk": 0.4895561933517456,
        "n_rollouts": 4,
        "seed": 0,
        "occlusion_baseline": "zero in model feature space (training mean for normalized continuous features)",
        "interpretation": "Model sensitivity and attention; not proof of causality or calibrated confidence."
      },
      "decoded_stages": [
        0,
        0
      ],
      "stage_decoding": "crf_viterbi",
      "stage_transition_counts": {
        "illegal": 0,
        "evaluated": 1
      },
      "lead_time_seconds": 0.0,
      "warning_index": null,
      "critical_index": 0
    },
    {
      "scenario": "CIC-IDS2018::SYNTHETIC_FIXTURE_ONLY",
      "target": 0.0,
      "predicted_future_risk": 0.4895792007446289,
      "predictive_variance": 3.223528983653523e-05,
      "explanation": {
        "target": "ensemble_mean_infiltration_probability_at_final_step",
        "gradient_x_input": [
          {
            "feature": "bytes_per_flow",
            "attribution": 0.004993516951799393,
            "signed_attribution": 0.004993516951799393
          },
          {
            "feature": "bytes_total",
            "attribution": 0.004418269265443087,
            "signed_attribution": -0.0043777222745120525
          },
          {
            "feature": "packet_count",
            "attribution": 0.0,
            "signed_attribution": 0.0
          },
          {
            "feature": "flow_count",
            "attribution": 0.0,
            "signed_attribution": 0.0
          },
          {
            "feature": "packets_total",
            "attribution": 0.0,
            "signed_attribution": 0.0
          },
          {
            "feature": "unique_peer_count",
            "attribution": 0.0,
            "signed_attribution": 0.0
          },
          {
            "feature": "unique_dst_port_count",
            "attribution": 0.0,
            "signed_attribution": 0.0
          },
          {
            "feature": "tcp_ratio",
            "attribution": 0.0,
            "signed_attribution": 0.0
          },
          {
            "feature": "udp_ratio",
            "attribution": 0.0,
            "signed_attribution": 0.0
          },
          {
            "feature": "mean_duration",
            "attribution": 0.0,
            "signed_attribution": 0.0
          }
        ],
        "temporal_attention": [
          {
            "window_index": 0,
            "timestamp": 1518566569.0,
            "attention": 0.519365131855011
          },
          {
            "window_index": 1,
            "timestamp": 1518566570.0,
            "attention": 0.480634868144989
          }
        ],
        "feature_occlusion": [
          {
            "feature": "bytes_per_flow",
            "baseline_risk": 0.4895792007446289,
            "counterfactual_risk": 0.45964187383651733,
            "risk_reduction": 0.029937326908111572
          },
          {
            "feature": "packet_count",
            "baseline_risk": 0.4895792007446289,
            "counterfactual_risk": 0.4895792007446289,
            "risk_reduction": 0.0
          },
          {
            "feature": "flow_count",
            "baseline_risk": 0.4895792007446289,
            "counterfactual_risk": 0.4895792007446289,
            "risk_reduction": 0.0
          },
          {
            "feature": "packets_total",
            "baseline_risk": 0.4895792007446289,
            "counterfactual_risk": 0.4895792007446289,
            "risk_reduction": 0.0
          },
          {
            "feature": "unique_peer_count",
            "baseline_risk": 0.4895792007446289,
            "counterfactual_risk": 0.4895792007446289,
            "risk_reduction": 0.0
          },
          {
            "feature": "unique_dst_port_count",
            "baseline_risk": 0.4895792007446289,
            "counterfactual_risk": 0.4895792007446289,
            "risk_reduction": 0.0
          },
          {
            "feature": "tcp_ratio",
            "baseline_risk": 0.4895792007446289,
            "counterfactual_risk": 0.4895792007446289,
            "risk_reduction": 0.0
          },
          {
            "feature": "udp_ratio",
            "baseline_risk": 0.4895792007446289,
            "counterfactual_risk": 0.4895792007446289,
            "risk_reduction": 0.0
          },
          {
            "feature": "mean_duration",
            "baseline_risk": 0.4895792007446289,
            "counterfactual_risk": 0.4895792007446289,
            "risk_reduction": 0.0
          },
          {
            "feature": "mean_iat",
            "baseline_risk": 0.4895792007446289,
            "counterfactual_risk": 0.4895792007446289,
            "risk_reduction": 0.0
          }
        ],
        "what_would_reduce_risk": [
          {
            "feature": "bytes_per_flow",
            "baseline_risk": 0.4895792007446289,
            "counterfactual_risk": 0.45964187383651733,
            "risk_reduction": 0.029937326908111572
          }
        ],
        "baseline_risk": 0.4895792007446289,
        "n_rollouts": 4,
        "seed": 0,
        "occlusion_baseline": "zero in model feature space (training mean for normalized continuous features)",
        "interpretation": "Model sensitivity and attention; not proof of causality or calibrated confidence."
      },
      "decoded_stages": [
        0,
        0
      ],
      "stage_decoding": "crf_viterbi",
      "stage_transition_counts": {
        "illegal": 0,
        "evaluated": 1
      },
      "lead_time_seconds": null,
      "warning_index": null,
      "critical_index": null
    },
    {
      "scenario": "CIC-IDS2018::SYNTHETIC_FIXTURE_ONLY",
      "target": 1.0,
      "predicted_future_risk": 0.48960167169570923,
      "predictive_variance": 3.224415559088811e-05,
      "explanation": {
        "target": "ensemble_mean_infiltration_probability_at_final_step",
        "gradient_x_input": [
          {
            "feature": "bytes_per_flow",
            "attribution": 0.005002760794013739,
            "signed_attribution": 0.005002760794013739
          },
          {
            "feature": "bytes_total",
            "attribution": 0.0044361259788274765,
            "signed_attribution": -0.004396677948534489
          },
          {
            "feature": "packet_count",
            "attribution": 0.0,
            "signed_attribution": 0.0
          },
          {
            "feature": "flow_count",
            "attribution": 0.0,
            "signed_attribution": 0.0
          },
          {
            "feature": "packets_total",
            "attribution": 0.0,
            "signed_attribution": 0.0
          },
          {
            "feature": "unique_peer_count",
            "attribution": 0.0,
            "signed_attribution": 0.0
          },
          {
            "feature": "unique_dst_port_count",
            "attribution": 0.0,
            "signed_attribution": 0.0
          },
          {
            "feature": "tcp_ratio",
            "attribution": 0.0,
            "signed_attribution": 0.0
          },
          {
            "feature": "udp_ratio",
            "attribution": 0.0,
            "signed_attribution": 0.0
          },
          {
            "feature": "mean_duration",
            "attribution": 0.0,
            "signed_attribution": 0.0
          }
        ],
        "temporal_attention": [
          {
            "window_index": 0,
            "timestamp": 1518566570.0,
            "attention": 0.5193678736686707
          },
          {
            "window_index": 1,
            "timestamp": 1518566571.0,
            "attention": 0.48063212633132935
          }
        ],
        "feature_occlusion": [
          {
            "feature": "bytes_per_flow",
            "baseline_risk": 0.48960167169570923,
            "counterfactual_risk": 0.4596371650695801,
            "risk_reduction": 0.02996450662612915
          },
          {
            "feature": "packet_count",
            "baseline_risk": 0.48960167169570923,
            "counterfactual_risk": 0.48960167169570923,
            "risk_reduction": 0.0
          },
          {
            "feature": "flow_count",
            "baseline_risk": 0.48960167169570923,
            "counterfactual_risk": 0.48960167169570923,
            "risk_reduction": 0.0
          },
          {
            "feature": "packets_total",
            "baseline_risk": 0.48960167169570923,
            "counterfactual_risk": 0.48960167169570923,
            "risk_reduction": 0.0
          },
          {
            "feature": "unique_peer_count",
            "baseline_risk": 0.48960167169570923,
            "counterfactual_risk": 0.48960167169570923,
            "risk_reduction": 0.0
          },
          {
            "feature": "unique_dst_port_count",
            "baseline_risk": 0.48960167169570923,
            "counterfactual_risk": 0.48960167169570923,
            "risk_reduction": 0.0
          },
          {
            "feature": "tcp_ratio",
            "baseline_risk": 0.48960167169570923,
            "counterfactual_risk": 0.48960167169570923,
            "risk_reduction": 0.0
          },
          {
            "feature": "udp_ratio",
            "baseline_risk": 0.48960167169570923,
            "counterfactual_risk": 0.48960167169570923,
            "risk_reduction": 0.0
          },
          {
            "feature": "mean_duration",
            "baseline_risk": 0.48960167169570923,
            "counterfactual_risk": 0.48960167169570923,
            "risk_reduction": 0.0
          },
          {
            "feature": "mean_iat",
            "baseline_risk": 0.48960167169570923,
            "counterfactual_risk": 0.48960167169570923,
            "risk_reduction": 0.0
          }
        ],
        "what_would_reduce_risk": [
          {
            "feature": "bytes_per_flow",
            "baseline_risk": 0.48960167169570923,
            "counterfactual_risk": 0.4596371650695801,
            "risk_reduction": 0.02996450662612915
          }
        ],
        "baseline_risk": 0.48960167169570923,
        "n_rollouts": 4,
        "seed": 0,
        "occlusion_baseline": "zero in model feature space (training mean for normalized continuous features)",
        "interpretation": "Model sensitivity and attention; not proof of causality or calibrated confidence."
      },
      "decoded_stages": [
        0,
        0
      ],
      "stage_decoding": "crf_viterbi",
      "stage_transition_counts": {
        "illegal": 0,
        "evaluated": 1
      },
      "lead_time_seconds": 0.0,
      "warning_index": null,
      "critical_index": 2
    },
    {
      "scenario": "CIC-IDS2018::SYNTHETIC_FIXTURE_ONLY",
      "target": 0.0,
      "predicted_future_risk": 0.4896235167980194,
      "predictive_variance": 3.225259933969937e-05,
      "explanation": {
        "target": "ensemble_mean_infiltration_probability_at_final_step",
        "gradient_x_input": [
          {
            "feature": "bytes_per_flow",
            "attribution": 0.005011935252696276,
            "signed_attribution": 0.005011935252696276
          },
          {
            "feature": "bytes_total",
            "attribution": 0.00445385230705142,
            "signed_attribution": -0.004415492992848158
          },
          {
            "feature": "packet_count",
            "attribution": 0.0,
            "signed_attribution": 0.0
          },
          {
            "feature": "flow_count",
            "attribution": 0.0,
            "signed_attribution": 0.0
          },
          {
            "feature": "packets_total",
            "attribution": 0.0,
            "signed_attribution": 0.0
          },
          {
            "feature": "unique_peer_count",
            "attribution": 0.0,
            "signed_attribution": 0.0
          },
          {
            "feature": "unique_dst_port_count",
            "attribution": 0.0,
            "signed_attribution": 0.0
          },
          {
            "feature": "tcp_ratio",
            "attribution": 0.0,
            "signed_attribution": 0.0
          },
          {
            "feature": "udp_ratio",
            "attribution": 0.0,
            "signed_attribution": 0.0
          },
          {
            "feature": "mean_duration",
            "attribution": 0.0,
            "signed_attribution": 0.0
          }
        ],
        "temporal_attention": [
          {
            "window_index": 0,
            "timestamp": 1518566571.0,
            "attention": 0.5193705558776855
          },
          {
            "window_index": 1,
            "timestamp": 1518566572.0,
            "attention": 0.48062944412231445
          }
        ],
        "feature_occlusion": [
          {
            "feature": "bytes_per_flow",
            "baseline_risk": 0.4896235167980194,
            "counterfactual_risk": 0.4596322476863861,
            "risk_reduction": 0.0299912691116333
          },
          {
            "feature": "packet_count",
            "baseline_risk": 0.4896235167980194,
            "counterfactual_risk": 0.4896235167980194,
            "risk_reduction": 0.0
          },
          {
            "feature": "flow_count",
            "baseline_risk": 0.4896235167980194,
            "counterfactual_risk": 0.4896235167980194,
            "risk_reduction": 0.0
          },
          {
            "feature": "packets_total",
            "baseline_risk": 0.4896235167980194,
            "counterfactual_risk": 0.4896235167980194,
            "risk_reduction": 0.0
          },
          {
            "feature": "unique_peer_count",
            "baseline_risk": 0.4896235167980194,
            "counterfactual_risk": 0.4896235167980194,
            "risk_reduction": 0.0
          },
          {
            "feature": "unique_dst_port_count",
            "baseline_risk": 0.4896235167980194,
            "counterfactual_risk": 0.4896235167980194,
            "risk_reduction": 0.0
          },
          {
            "feature": "tcp_ratio",
            "baseline_risk": 0.4896235167980194,
            "counterfactual_risk": 0.4896235167980194,
            "risk_reduction": 0.0
          },
          {
            "feature": "udp_ratio",
            "baseline_risk": 0.4896235167980194,
            "counterfactual_risk": 0.4896235167980194,
            "risk_reduction": 0.0
          },
          {
            "feature": "mean_duration",
            "baseline_risk": 0.4896235167980194,
            "counterfactual_risk": 0.4896235167980194,
            "risk_reduction": 0.0
          },
          {
            "feature": "mean_iat",
            "baseline_risk": 0.4896235167980194,
            "counterfactual_risk": 0.4896235167980194,
            "risk_reduction": 0.0
          }
        ],
        "what_would_reduce_risk": [
          {
            "feature": "bytes_per_flow",
            "baseline_risk": 0.4896235167980194,
            "counterfactual_risk": 0.4596322476863861,
            "risk_reduction": 0.0299912691116333
          }
        ],
        "baseline_risk": 0.4896235167980194,
        "n_rollouts": 4,
        "seed": 0,
        "occlusion_baseline": "zero in model feature space (training mean for normalized continuous features)",
        "interpretation": "Model sensitivity and attention; not proof of causality or calibrated confidence."
      },
      "decoded_stages": [
        0,
        0
      ],
      "stage_decoding": "crf_viterbi",
      "stage_transition_counts": {
        "illegal": 0,
        "evaluated": 1
      },
      "lead_time_seconds": 0.0,
      "warning_index": null,
      "critical_index": 1
    },
    {
      "scenario": "CIC-IDS2018::SYNTHETIC_FIXTURE_ONLY",
      "target": 0.0,
      "predicted_future_risk": 0.4896448254585266,
      "predictive_variance": 3.226152330171317e-05,
      "explanation": {
        "target": "ensemble_mean_infiltration_probability_at_final_step",
        "gradient_x_input": [
          {
            "feature": "bytes_per_flow",
            "attribution": 0.005021044984459877,
            "signed_attribution": 0.005021044984459877
          },
          {
            "feature": "bytes_total",
            "attribution": 0.004471451509743929,
            "signed_attribution": -0.004434171598404646
          },
          {
            "feature": "packet_count",
            "attribution": 0.0,
            "signed_attribution": 0.0
          },
          {
            "feature": "flow_count",
            "attribution": 0.0,
            "signed_attribution": 0.0
          },
          {
            "feature": "packets_total",
            "attribution": 0.0,
            "signed_attribution": 0.0
          },
          {
            "feature": "unique_peer_count",
            "attribution": 0.0,
            "signed_attribution": 0.0
          },
          {
            "feature": "unique_dst_port_count",
            "attribution": 0.0,
            "signed_attribution": 0.0
          },
          {
            "feature": "tcp_ratio",
            "attribution": 0.0,
            "signed_attribution": 0.0
          },
          {
            "feature": "udp_ratio",
            "attribution": 0.0,
            "signed_attribution": 0.0
          },
          {
            "feature": "mean_duration",
            "attribution": 0.0,
            "signed_attribution": 0.0
          }
        ],
        "temporal_attention": [
          {
            "window_index": 0,
            "timestamp": 1518566572.0,
            "attention": 0.5193731784820557
          },
          {
            "window_index": 1,
            "timestamp": 1518566573.0,
            "attention": 0.4806268513202667
          }
        ],
        "feature_occlusion": [
          {
            "feature": "bytes_per_flow",
            "baseline_risk": 0.4896448254585266,
            "counterfactual_risk": 0.45962706208229065,
            "risk_reduction": 0.030017763376235962
          },
          {
            "feature": "packet_count",
            "baseline_risk": 0.4896448254585266,
            "counterfactual_risk": 0.4896448254585266,
            "risk_reduction": 0.0
          },
          {
            "feature": "flow_count",
            "baseline_risk": 0.4896448254585266,
            "counterfactual_risk": 0.4896448254585266,
            "risk_reduction": 0.0
          },
          {
            "feature": "packets_total",
            "baseline_risk": 0.4896448254585266,
            "counterfactual_risk": 0.4896448254585266,
            "risk_reduction": 0.0
          },
          {
            "feature": "unique_peer_count",
            "baseline_risk": 0.4896448254585266,
            "counterfactual_risk": 0.4896448254585266,
            "risk_reduction": 0.0
          },
          {
            "feature": "unique_dst_port_count",
            "baseline_risk": 0.4896448254585266,
            "counterfactual_risk": 0.4896448254585266,
            "risk_reduction": 0.0
          },
          {
            "feature": "tcp_ratio",
            "baseline_risk": 0.4896448254585266,
            "counterfactual_risk": 0.4896448254585266,
            "risk_reduction": 0.0
          },
          {
            "feature": "udp_ratio",
            "baseline_risk": 0.4896448254585266,
            "counterfactual_risk": 0.4896448254585266,
            "risk_reduction": 0.0
          },
          {
            "feature": "mean_duration",
            "baseline_risk": 0.4896448254585266,
            "counterfactual_risk": 0.4896448254585266,
            "risk_reduction": 0.0
          },
          {
            "feature": "mean_iat",
            "baseline_risk": 0.4896448254585266,
            "counterfactual_risk": 0.4896448254585266,
            "risk_reduction": 0.0
          }
        ],
        "what_would_reduce_risk": [
          {
            "feature": "bytes_per_flow",
            "baseline_risk": 0.4896448254585266,
            "counterfactual_risk": 0.45962706208229065,
            "risk_reduction": 0.030017763376235962
          }
        ],
        "baseline_risk": 0.4896448254585266,
        "n_rollouts": 4,
        "seed": 0,
        "occlusion_baseline": "zero in model feature space (training mean for normalized continuous features)",
        "interpretation": "Model sensitivity and attention; not proof of causality or calibrated confidence."
      },
      "decoded_stages": [
        0,
        0
      ],
      "stage_decoding": "crf_viterbi",
      "stage_transition_counts": {
        "illegal": 0,
        "evaluated": 1
      },
      "lead_time_seconds": 0.0,
      "warning_index": null,
      "critical_index": 0
    },
    {
      "scenario": "CIC-IDS2018::SYNTHETIC_FIXTURE_ONLY",
      "target": 0.0,
      "predicted_future_risk": 0.4896656274795532,
      "predictive_variance": 3.226984335924499e-05,
      "explanation": {
        "target": "ensemble_mean_infiltration_probability_at_final_step",
        "gradient_x_input": [
          {
            "feature": "bytes_per_flow",
            "attribution": 0.005030085798352957,
            "signed_attribution": 0.005030085798352957
          },
          {
            "feature": "bytes_total",
            "attribution": 0.00448892405256629,
            "signed_attribution": -0.004452715162187815
          },
          {
            "feature": "packet_count",
            "attribution": 0.0,
            "signed_attribution": 0.0
          },
          {
            "feature": "flow_count",
            "attribution": 0.0,
            "signed_attribution": 0.0
          },
          {
            "feature": "packets_total",
            "attribution": 0.0,
            "signed_attribution": 0.0
          },
          {
            "feature": "unique_peer_count",
            "attribution": 0.0,
            "signed_attribution": 0.0
          },
          {
            "feature": "unique_dst_port_count",
            "attribution": 0.0,
            "signed_attribution": 0.0
          },
          {
            "feature": "tcp_ratio",
            "attribution": 0.0,
            "signed_attribution": 0.0
          },
          {
            "feature": "udp_ratio",
            "attribution": 0.0,
            "signed_attribution": 0.0
          },
          {
            "feature": "mean_duration",
            "attribution": 0.0,
            "signed_attribution": 0.0
          }
        ],
        "temporal_attention": [
          {
            "window_index": 0,
            "timestamp": 1518566573.0,
            "attention": 0.5193756818771362
          },
          {
            "window_index": 1,
            "timestamp": 1518566574.0,
            "attention": 0.48062431812286377
          }
        ],
        "feature_occlusion": [
          {
            "feature": "bytes_per_flow",
            "baseline_risk": 0.4896656274795532,
            "counterfactual_risk": 0.4596216082572937,
            "risk_reduction": 0.03004401922225952
          },
          {
            "feature": "packet_count",
            "baseline_risk": 0.4896656274795532,
            "counterfactual_risk": 0.4896656274795532,
            "risk_reduction": 0.0
          },
          {
            "feature": "flow_count",
            "baseline_risk": 0.4896656274795532,
            "counterfactual_risk": 0.4896656274795532,
            "risk_reduction": 0.0
          },
          {
            "feature": "packets_total",
            "baseline_risk": 0.4896656274795532,
            "counterfactual_risk": 0.4896656274795532,
            "risk_reduction": 0.0
          },
          {
            "feature": "unique_peer_count",
            "baseline_risk": 0.4896656274795532,
            "counterfactual_risk": 0.4896656274795532,
            "risk_reduction": 0.0
          },
          {
            "feature": "unique_dst_port_count",
            "baseline_risk": 0.4896656274795532,
            "counterfactual_risk": 0.4896656274795532,
            "risk_reduction": 0.0
          },
          {
            "feature": "tcp_ratio",
            "baseline_risk": 0.4896656274795532,
            "counterfactual_risk": 0.4896656274795532,
            "risk_reduction": 0.0
          },
          {
            "feature": "udp_ratio",
            "baseline_risk": 0.4896656274795532,
            "counterfactual_risk": 0.4896656274795532,
            "risk_reduction": 0.0
          },
          {
            "feature": "mean_duration",
            "baseline_risk": 0.4896656274795532,
            "counterfactual_risk": 0.4896656274795532,
            "risk_reduction": 0.0
          },
          {
            "feature": "mean_iat",
            "baseline_risk": 0.4896656274795532,
            "counterfactual_risk": 0.4896656274795532,
            "risk_reduction": 0.0
          }
        ],
        "what_would_reduce_risk": [
          {
            "feature": "bytes_per_flow",
            "baseline_risk": 0.4896656274795532,
            "counterfactual_risk": 0.4596216082572937,
            "risk_reduction": 0.03004401922225952
          }
        ],
        "baseline_risk": 0.4896656274795532,
        "n_rollouts": 4,
        "seed": 0,
        "occlusion_baseline": "zero in model feature space (training mean for normalized continuous features)",
        "interpretation": "Model sensitivity and attention; not proof of causality or calibrated confidence."
      },
      "decoded_stages": [
        0,
        0
      ],
      "stage_decoding": "crf_viterbi",
      "stage_transition_counts": {
        "illegal": 0,
        "evaluated": 1
      },
      "lead_time_seconds": null,
      "warning_index": null,
      "critical_index": null
    },
    {
      "scenario": "CIC-IDS2018::SYNTHETIC_FIXTURE_ONLY",
      "target": 1.0,
      "predicted_future_risk": 0.48968589305877686,
      "predictive_variance": 3.227854904253036e-05,
      "explanation": {
        "target": "ensemble_mean_infiltration_probability_at_final_step",
        "gradient_x_input": [
          {
            "feature": "bytes_per_flow",
            "attribution": 0.005039059557020664,
            "signed_attribution": 0.005039059557020664
          },
          {
            "feature": "bytes_total",
            "attribution": 0.004506273195147514,
            "signed_attribution": -0.004471124149858952
          },
          {
            "feature": "packet_count",
            "attribution": 0.0,
            "signed_attribution": 0.0
          },
          {
            "feature": "flow_count",
            "attribution": 0.0,
            "signed_attribution": 0.0
          },
          {
            "feature": "packets_total",
            "attribution": 0.0,
            "signed_attribution": 0.0
          },
          {
            "feature": "unique_peer_count",
            "attribution": 0.0,
            "signed_attribution": 0.0
          },
          {
            "feature": "unique_dst_port_count",
            "attribution": 0.0,
            "signed_attribution": 0.0
          },
          {
            "feature": "tcp_ratio",
            "attribution": 0.0,
            "signed_attribution": 0.0
          },
          {
            "feature": "udp_ratio",
            "attribution": 0.0,
            "signed_attribution": 0.0
          },
          {
            "feature": "mean_duration",
            "attribution": 0.0,
            "signed_attribution": 0.0
          }
        ],
        "temporal_attention": [
          {
            "window_index": 0,
            "timestamp": 1518566574.0,
            "attention": 0.519378125667572
          },
          {
            "window_index": 1,
            "timestamp": 1518566575.0,
            "attention": 0.480621874332428
          }
        ],
        "feature_occlusion": [
          {
            "feature": "bytes_per_flow",
            "baseline_risk": 0.48968589305877686,
            "counterfactual_risk": 0.4596160054206848,
            "risk_reduction": 0.03006988763809204
          },
          {
            "feature": "packet_count",
            "baseline_risk": 0.48968589305877686,
            "counterfactual_risk": 0.48968589305877686,
            "risk_reduction": 0.0
          },
          {
            "feature": "flow_count",
            "baseline_risk": 0.48968589305877686,
            "counterfactual_risk": 0.48968589305877686,
            "risk_reduction": 0.0
          },
          {
            "feature": "packets_total",
            "baseline_risk": 0.48968589305877686,
            "counterfactual_risk": 0.48968589305877686,
            "risk_reduction": 0.0
          },
          {
            "feature": "unique_peer_count",
            "baseline_risk": 0.48968589305877686,
            "counterfactual_risk": 0.48968589305877686,
            "risk_reduction": 0.0
          },
          {
            "feature": "unique_dst_port_count",
            "baseline_risk": 0.48968589305877686,
            "counterfactual_risk": 0.48968589305877686,
            "risk_reduction": 0.0
          },
          {
            "feature": "tcp_ratio",
            "baseline_risk": 0.48968589305877686,
            "counterfactual_risk": 0.48968589305877686,
            "risk_reduction": 0.0
          },
          {
            "feature": "udp_ratio",
            "baseline_risk": 0.48968589305877686,
            "counterfactual_risk": 0.48968589305877686,
            "risk_reduction": 0.0
          },
          {
            "feature": "mean_duration",
            "baseline_risk": 0.48968589305877686,
            "counterfactual_risk": 0.48968589305877686,
            "risk_reduction": 0.0
          },
          {
            "feature": "mean_iat",
            "baseline_risk": 0.48968589305877686,
            "counterfactual_risk": 0.48968589305877686,
            "risk_reduction": 0.0
          }
        ],
        "what_would_reduce_risk": [
          {
            "feature": "bytes_per_flow",
            "baseline_risk": 0.48968589305877686,
            "counterfactual_risk": 0.4596160054206848,
            "risk_reduction": 0.03006988763809204
          }
        ],
        "baseline_risk": 0.48968589305877686,
        "n_rollouts": 4,
        "seed": 0,
        "occlusion_baseline": "zero in model feature space (training mean for normalized continuous features)",
        "interpretation": "Model sensitivity and attention; not proof of causality or calibrated confidence."
      },
      "decoded_stages": [
        0,
        0
      ],
      "stage_decoding": "crf_viterbi",
      "stage_transition_counts": {
        "illegal": 0,
        "evaluated": 1
      },
      "lead_time_seconds": 0.0,
      "warning_index": null,
      "critical_index": 2
    },
    {
      "scenario": "CIC-IDS2018::SYNTHETIC_FIXTURE_ONLY",
      "target": 0.0,
      "predicted_future_risk": 0.4897056818008423,
      "predictive_variance": 3.228673813282512e-05,
      "explanation": {
        "target": "ensemble_mean_infiltration_probability_at_final_step",
        "gradient_x_input": [
          {
            "feature": "bytes_per_flow",
            "attribution": 0.005047965329140425,
            "signed_attribution": 0.005047965329140425
          },
          {
            "feature": "bytes_total",
            "attribution": 0.004523496143519878,
            "signed_attribution": -0.004489397630095482
          },
          {
            "feature": "packet_count",
            "attribution": 0.0,
            "signed_attribution": 0.0
          },
          {
            "feature": "flow_count",
            "attribution": 0.0,
            "signed_attribution": 0.0
          },
          {
            "feature": "packets_total",
            "attribution": 0.0,
            "signed_attribution": 0.0
          },
          {
            "feature": "unique_peer_count",
            "attribution": 0.0,
            "signed_attribution": 0.0
          },
          {
            "feature": "unique_dst_port_count",
            "attribution": 0.0,
            "signed_attribution": 0.0
          },
          {
            "feature": "tcp_ratio",
            "attribution": 0.0,
            "signed_attribution": 0.0
          },
          {
            "feature": "udp_ratio",
            "attribution": 0.0,
            "signed_attribution": 0.0
          },
          {
            "feature": "mean_duration",
            "attribution": 0.0,
            "signed_attribution": 0.0
          }
        ],
        "temporal_attention": [
          {
            "window_index": 0,
            "timestamp": 1518566575.0,
            "attention": 0.519380509853363
          },
          {
            "window_index": 1,
            "timestamp": 1518566576.0,
            "attention": 0.48061951994895935
          }
        ],
        "feature_occlusion": [
          {
            "feature": "bytes_per_flow",
            "baseline_risk": 0.4897056818008423,
            "counterfactual_risk": 0.45961010456085205,
            "risk_reduction": 0.030095577239990234
          },
          {
            "feature": "packet_count",
            "baseline_risk": 0.4897056818008423,
            "counterfactual_risk": 0.4897056818008423,
            "risk_reduction": 0.0
          },
          {
            "feature": "flow_count",
            "baseline_risk": 0.4897056818008423,
            "counterfactual_risk": 0.4897056818008423,
            "risk_reduction": 0.0
          },
          {
            "feature": "packets_total",
            "baseline_risk": 0.4897056818008423,
            "counterfactual_risk": 0.4897056818008423,
            "risk_reduction": 0.0
          },
          {
            "feature": "unique_peer_count",
            "baseline_risk": 0.4897056818008423,
            "counterfactual_risk": 0.4897056818008423,
            "risk_reduction": 0.0
          },
          {
            "feature": "unique_dst_port_count",
            "baseline_risk": 0.4897056818008423,
            "counterfactual_risk": 0.4897056818008423,
            "risk_reduction": 0.0
          },
          {
            "feature": "tcp_ratio",
            "baseline_risk": 0.4897056818008423,
            "counterfactual_risk": 0.4897056818008423,
            "risk_reduction": 0.0
          },
          {
            "feature": "udp_ratio",
            "baseline_risk": 0.4897056818008423,
            "counterfactual_risk": 0.4897056818008423,
            "risk_reduction": 0.0
          },
          {
            "feature": "mean_duration",
            "baseline_risk": 0.4897056818008423,
            "counterfactual_risk": 0.4897056818008423,
            "risk_reduction": 0.0
          },
          {
            "feature": "mean_iat",
            "baseline_risk": 0.4897056818008423,
            "counterfactual_risk": 0.4897056818008423,
            "risk_reduction": 0.0
          }
        ],
        "what_would_reduce_risk": [
          {
            "feature": "bytes_per_flow",
            "baseline_risk": 0.4897056818008423,
            "counterfactual_risk": 0.45961010456085205,
            "risk_reduction": 0.030095577239990234
          }
        ],
        "baseline_risk": 0.4897056818008423,
        "n_rollouts": 4,
        "seed": 0,
        "occlusion_baseline": "zero in model feature space (training mean for normalized continuous features)",
        "interpretation": "Model sensitivity and attention; not proof of causality or calibrated confidence."
      },
      "decoded_stages": [
        0,
        0
      ],
      "stage_decoding": "crf_viterbi",
      "stage_transition_counts": {
        "illegal": 0,
        "evaluated": 1
      },
      "lead_time_seconds": 0.0,
      "warning_index": null,
      "critical_index": 1
    },
    {
      "scenario": "CIC-IDS2018::SYNTHETIC_FIXTURE_ONLY",
      "target": 0.0,
      "predicted_future_risk": 0.4897249639034271,
      "predictive_variance": 3.229590583941899e-05,
      "explanation": {
        "target": "ensemble_mean_infiltration_probability_at_final_step",
        "gradient_x_input": [
          {
            "feature": "bytes_per_flow",
            "attribution": 0.005056800786405802,
            "signed_attribution": 0.005056800786405802
          },
          {
            "feature": "bytes_total",
            "attribution": 0.004540598019957542,
            "signed_attribution": -0.004507541656494141
          },
          {
            "feature": "packet_count",
            "attribution": 0.0,
            "signed_attribution": 0.0
          },
          {
            "feature": "flow_count",
            "attribution": 0.0,
            "signed_attribution": 0.0
          },
          {
            "feature": "packets_total",
            "attribution": 0.0,
            "signed_attribution": 0.0
          },
          {
            "feature": "unique_peer_count",
            "attribution": 0.0,
            "signed_attribution": 0.0
          },
          {
            "feature": "unique_dst_port_count",
            "attribution": 0.0,
            "signed_attribution": 0.0
          },
          {
            "feature": "tcp_ratio",
            "attribution": 0.0,
            "signed_attribution": 0.0
          },
          {
            "feature": "udp_ratio",
            "attribution": 0.0,
            "signed_attribution": 0.0
          },
          {
            "feature": "mean_duration",
            "attribution": 0.0,
            "signed_attribution": 0.0
          }
        ],
        "temporal_attention": [
          {
            "window_index": 0,
            "timestamp": 1518566576.0,
            "attention": 0.5193828344345093
          },
          {
            "window_index": 1,
            "timestamp": 1518566577.0,
            "attention": 0.48061713576316833
          }
        ],
        "feature_occlusion": [
          {
            "feature": "bytes_per_flow",
            "baseline_risk": 0.4897249639034271,
            "counterfactual_risk": 0.45960402488708496,
            "risk_reduction": 0.030120939016342163
          },
          {
            "feature": "packet_count",
            "baseline_risk": 0.4897249639034271,
            "counterfactual_risk": 0.4897249639034271,
            "risk_reduction": 0.0
          },
          {
            "feature": "flow_count",
            "baseline_risk": 0.4897249639034271,
            "counterfactual_risk": 0.4897249639034271,
            "risk_reduction": 0.0
          },
          {
            "feature": "packets_total",
            "baseline_risk": 0.4897249639034271,
            "counterfactual_risk": 0.4897249639034271,
            "risk_reduction": 0.0
          },
          {
            "feature": "unique_peer_count",
            "baseline_risk": 0.4897249639034271,
            "counterfactual_risk": 0.4897249639034271,
            "risk_reduction": 0.0
          },
          {
            "feature": "unique_dst_port_count",
            "baseline_risk": 0.4897249639034271,
            "counterfactual_risk": 0.4897249639034271,
            "risk_reduction": 0.0
          },
          {
            "feature": "tcp_ratio",
            "baseline_risk": 0.4897249639034271,
            "counterfactual_risk": 0.4897249639034271,
            "risk_reduction": 0.0
          },
          {
            "feature": "udp_ratio",
            "baseline_risk": 0.4897249639034271,
            "counterfactual_risk": 0.4897249639034271,
            "risk_reduction": 0.0
          },
          {
            "feature": "mean_duration",
            "baseline_risk": 0.4897249639034271,
            "counterfactual_risk": 0.4897249639034271,
            "risk_reduction": 0.0
          },
          {
            "feature": "mean_iat",
            "baseline_risk": 0.4897249639034271,
            "counterfactual_risk": 0.4897249639034271,
            "risk_reduction": 0.0
          }
        ],
        "what_would_reduce_risk": [
          {
            "feature": "bytes_per_flow",
            "baseline_risk": 0.4897249639034271,
            "counterfactual_risk": 0.45960402488708496,
            "risk_reduction": 0.030120939016342163
          }
        ],
        "baseline_risk": 0.4897249639034271,
        "n_rollouts": 4,
        "seed": 0,
        "occlusion_baseline": "zero in model feature space (training mean for normalized continuous features)",
        "interpretation": "Model sensitivity and attention; not proof of causality or calibrated confidence."
      },
      "decoded_stages": [
        0,
        0
      ],
      "stage_decoding": "crf_viterbi",
      "stage_transition_counts": {
        "illegal": 0,
        "evaluated": 1
      },
      "lead_time_seconds": 0.0,
      "warning_index": null,
      "critical_index": 0
    },
    {
      "scenario": "CIC-IDS2018::SYNTHETIC_FIXTURE_ONLY",
      "target": 0.0,
      "predicted_future_risk": 0.48974376916885376,
      "predictive_variance": 3.2303971238434315e-05,
      "explanation": {
        "target": "ensemble_mean_infiltration_probability_at_final_step",
        "gradient_x_input": [
          {
            "feature": "bytes_per_flow",
            "attribution": 0.005065569654107094,
            "signed_attribution": 0.005065569654107094
          },
          {
            "feature": "bytes_total",
            "attribution": 0.0045575788244605064,
            "signed_attribution": -0.004525553435087204
          },
          {
            "feature": "packet_count",
            "attribution": 0.0,
            "signed_attribution": 0.0
          },
          {
            "feature": "flow_count",
            "attribution": 0.0,
            "signed_attribution": 0.0
          },
          {
            "feature": "packets_total",
            "attribution": 0.0,
            "signed_attribution": 0.0
          },
          {
            "feature": "unique_peer_count",
            "attribution": 0.0,
            "signed_attribution": 0.0
          },
          {
            "feature": "unique_dst_port_count",
            "attribution": 0.0,
            "signed_attribution": 0.0
          },
          {
            "feature": "tcp_ratio",
            "attribution": 0.0,
            "signed_attribution": 0.0
          },
          {
            "feature": "udp_ratio",
            "attribution": 0.0,
            "signed_attribution": 0.0
          },
          {
            "feature": "mean_duration",
            "attribution": 0.0,
            "signed_attribution": 0.0
          }
        ],
        "temporal_attention": [
          {
            "window_index": 0,
            "timestamp": 1518566577.0,
            "attention": 0.5193850994110107
          },
          {
            "window_index": 1,
            "timestamp": 1518566578.0,
            "attention": 0.48061493039131165
          }
        ],
        "feature_occlusion": [
          {
            "feature": "bytes_per_flow",
            "baseline_risk": 0.48974376916885376,
            "counterfactual_risk": 0.45959773659706116,
            "risk_reduction": 0.030146032571792603
          },
          {
            "feature": "packet_count",
            "baseline_risk": 0.48974376916885376,
            "counterfactual_risk": 0.48974376916885376,
            "risk_reduction": 0.0
          },
          {
            "feature": "flow_count",
            "baseline_risk": 0.48974376916885376,
            "counterfactual_risk": 0.48974376916885376,
            "risk_reduction": 0.0
          },
          {
            "feature": "packets_total",
            "baseline_risk": 0.48974376916885376,
            "counterfactual_risk": 0.48974376916885376,
            "risk_reduction": 0.0
          },
          {
            "feature": "unique_peer_count",
            "baseline_risk": 0.48974376916885376,
            "counterfactual_risk": 0.48974376916885376,
            "risk_reduction": 0.0
          },
          {
            "feature": "unique_dst_port_count",
            "baseline_risk": 0.48974376916885376,
            "counterfactual_risk": 0.48974376916885376,
            "risk_reduction": 0.0
          },
          {
            "feature": "tcp_ratio",
            "baseline_risk": 0.48974376916885376,
            "counterfactual_risk": 0.48974376916885376,
            "risk_reduction": 0.0
          },
          {
            "feature": "udp_ratio",
            "baseline_risk": 0.48974376916885376,
            "counterfactual_risk": 0.48974376916885376,
            "risk_reduction": 0.0
          },
          {
            "feature": "mean_duration",
            "baseline_risk": 0.48974376916885376,
            "counterfactual_risk": 0.48974376916885376,
            "risk_reduction": 0.0
          },
          {
            "feature": "mean_iat",
            "baseline_risk": 0.48974376916885376,
            "counterfactual_risk": 0.48974376916885376,
            "risk_reduction": 0.0
          }
        ],
        "what_would_reduce_risk": [
          {
            "feature": "bytes_per_flow",
            "baseline_risk": 0.48974376916885376,
            "counterfactual_risk": 0.45959773659706116,
            "risk_reduction": 0.030146032571792603
          }
        ],
        "baseline_risk": 0.48974376916885376,
        "n_rollouts": 4,
        "seed": 0,
        "occlusion_baseline": "zero in model feature space (training mean for normalized continuous features)",
        "interpretation": "Model sensitivity and attention; not proof of causality or calibrated confidence."
      },
      "decoded_stages": [
        0,
        0
      ],
      "stage_decoding": "crf_viterbi",
      "stage_transition_counts": {
        "illegal": 0,
        "evaluated": 1
      },
      "lead_time_seconds": null,
      "warning_index": null,
      "critical_index": null
    }
  ]
}
