C:\Users\as030\Downloads\CYBERMIND_ONE_CLICK_128GB_PORTABLE\CYBERMIND_REAL\.phase01-venv\Lib\site-packages\torch\jit\_script.py:1491: FutureWarning: `torch.jit.script` is deprecated. Please switch to `torch.compile` or `torch.export`.
  warnings.warn(
C:\Users\as030\Downloads\CYBERMIND_ONE_CLICK_128GB_PORTABLE\CYBERMIND_REAL\src\cybermind\models\temporal_encoder.py:16: UserWarning: enable_nested_tensor is True, but self.use_nested_tensor is False because encoder_layer.norm_first was True
  self.encoder=nn.TransformerEncoder(layer,num_layers=layers,norm=nn.LayerNorm(model_dim))
{
  "split": "test",
  "forecast_horizon_windows": 1,
  "metrics": {
    "f1": 0.3870967741935484,
    "precision": 0.24,
    "recall": 1.0,
    "fpr": 1.0,
    "ap": 0.25,
    "mean_lead_time_seconds": 0.0
  },
  "per_sample": [
    {
      "scenario": "CIC-IDS2018::SYNTHETIC_FIXTURE_ONLY",
      "target": 0.0,
      "predicted_future_risk": 0.5010649561882019,
      "predictive_variance": 7.451239798683673e-05,
      "explanation": {
        "target": "ensemble_mean_infiltration_probability_at_final_step",
        "gradient_x_input": [
          {
            "feature": "bytes_per_flow",
            "attribution": 0.003271835157647729,
            "signed_attribution": 0.003147086361423135
          },
          {
            "feature": "bytes_total",
            "attribution": 0.002482566051185131,
            "signed_attribution": -0.0022460739128291607
          },
          {
            "feature": "packet_count",
            "attribution": 0.0,
            "signed_attribution": 0.0
          },
          {
            "feature": "flow_count",
            "attribution": 0.0,
            "signed_attribution": 0.0
          },
          {
            "feature": "packets_total",
            "attribution": 0.0,
            "signed_attribution": 0.0
          },
          {
            "feature": "unique_peer_count",
            "attribution": 0.0,
            "signed_attribution": 0.0
          },
          {
            "feature": "unique_dst_port_count",
            "attribution": 0.0,
            "signed_attribution": 0.0
          },
          {
            "feature": "tcp_ratio",
            "attribution": 0.0,
            "signed_attribution": 0.0
          },
          {
            "feature": "udp_ratio",
            "attribution": 0.0,
            "signed_attribution": 0.0
          },
          {
            "feature": "mean_duration",
            "attribution": 0.0,
            "signed_attribution": 0.0
          }
        ],
        "temporal_attention": [
          {
            "window_index": 0,
            "timestamp": 1518566553.0,
            "attention": 0.5140510201454163
          },
          {
            "window_index": 1,
            "timestamp": 1518566554.0,
            "attention": 0.48594900965690613
          }
        ],
        "feature_occlusion": [
          {
            "feature": "bytes_per_flow",
            "baseline_risk": 0.5010649561882019,
            "counterfactual_risk": 0.4782997965812683,
            "risk_reduction": 0.022765159606933594
          },
          {
            "feature": "packet_count",
            "baseline_risk": 0.5010649561882019,
            "counterfactual_risk": 0.5010649561882019,
            "risk_reduction": 0.0
          },
          {
            "feature": "flow_count",
            "baseline_risk": 0.5010649561882019,
            "counterfactual_risk": 0.5010649561882019,
            "risk_reduction": 0.0
          },
          {
            "feature": "packets_total",
            "baseline_risk": 0.5010649561882019,
            "counterfactual_risk": 0.5010649561882019,
            "risk_reduction": 0.0
          },
          {
            "feature": "unique_peer_count",
            "baseline_risk": 0.5010649561882019,
            "counterfactual_risk": 0.5010649561882019,
            "risk_reduction": 0.0
          },
          {
            "feature": "unique_dst_port_count",
            "baseline_risk": 0.5010649561882019,
            "counterfactual_risk": 0.5010649561882019,
            "risk_reduction": 0.0
          },
          {
            "feature": "tcp_ratio",
            "baseline_risk": 0.5010649561882019,
            "counterfactual_risk": 0.5010649561882019,
            "risk_reduction": 0.0
          },
          {
            "feature": "udp_ratio",
            "baseline_risk": 0.5010649561882019,
            "counterfactual_risk": 0.5010649561882019,
            "risk_reduction": 0.0
          },
          {
            "feature": "mean_duration",
            "baseline_risk": 0.5010649561882019,
            "counterfactual_risk": 0.5010649561882019,
            "risk_reduction": 0.0
          },
          {
            "feature": "mean_iat",
            "baseline_risk": 0.5010649561882019,
            "counterfactual_risk": 0.5010649561882019,
            "risk_reduction": 0.0
          }
        ],
        "what_would_reduce_risk": [
          {
            "feature": "bytes_per_flow",
            "baseline_risk": 0.5010649561882019,
            "counterfactual_risk": 0.4782997965812683,
            "risk_reduction": 0.022765159606933594
          }
        ],
        "baseline_risk": 0.5010649561882019,
        "n_rollouts": 4,
        "seed": 0,
        "occlusion_baseline": "zero in model feature space (training mean for normalized continuous features)",
        "interpretation": "Model sensitivity and attention; not proof of causality or calibrated confidence."
      },
      "lead_time_seconds": null,
      "warning_index": null,
      "critical_index": null
    },
    {
      "scenario": "CIC-IDS2018::SYNTHETIC_FIXTURE_ONLY",
      "target": 1.0,
      "predicted_future_risk": 0.5011036396026611,
      "predictive_variance": 7.452522550011054e-05,
      "explanation": {
        "target": "ensemble_mean_infiltration_probability_at_final_step",
        "gradient_x_input": [
          {
            "feature": "bytes_per_flow",
            "attribution": 0.0032801376655697823,
            "signed_attribution": 0.0031537339091300964
          },
          {
            "feature": "bytes_total",
            "attribution": 0.00249261106364429,
            "signed_attribution": -0.0022557091433554888
          },
          {
            "feature": "packet_count",
            "attribution": 0.0,
            "signed_attribution": 0.0
          },
          {
            "feature": "flow_count",
            "attribution": 0.0,
            "signed_attribution": 0.0
          },
          {
            "feature": "packets_total",
            "attribution": 0.0,
            "signed_attribution": 0.0
          },
          {
            "feature": "unique_peer_count",
            "attribution": 0.0,
            "signed_attribution": 0.0
          },
          {
            "feature": "unique_dst_port_count",
            "attribution": 0.0,
            "signed_attribution": 0.0
          },
          {
            "feature": "tcp_ratio",
            "attribution": 0.0,
            "signed_attribution": 0.0
          },
          {
            "feature": "udp_ratio",
            "attribution": 0.0,
            "signed_attribution": 0.0
          },
          {
            "feature": "mean_duration",
            "attribution": 0.0,
            "signed_attribution": 0.0
          }
        ],
        "temporal_attention": [
          {
            "window_index": 0,
            "timestamp": 1518566554.0,
            "attention": 0.5140600800514221
          },
          {
            "window_index": 1,
            "timestamp": 1518566555.0,
            "attention": 0.4859399199485779
          }
        ],
        "feature_occlusion": [
          {
            "feature": "bytes_per_flow",
            "baseline_risk": 0.5011036396026611,
            "counterfactual_risk": 0.4783121645450592,
            "risk_reduction": 0.02279147505760193
          },
          {
            "feature": "packet_count",
            "baseline_risk": 0.5011036396026611,
            "counterfactual_risk": 0.5011036396026611,
            "risk_reduction": 0.0
          },
          {
            "feature": "flow_count",
            "baseline_risk": 0.5011036396026611,
            "counterfactual_risk": 0.5011036396026611,
            "risk_reduction": 0.0
          },
          {
            "feature": "packets_total",
            "baseline_risk": 0.5011036396026611,
            "counterfactual_risk": 0.5011036396026611,
            "risk_reduction": 0.0
          },
          {
            "feature": "unique_peer_count",
            "baseline_risk": 0.5011036396026611,
            "counterfactual_risk": 0.5011036396026611,
            "risk_reduction": 0.0
          },
          {
            "feature": "unique_dst_port_count",
            "baseline_risk": 0.5011036396026611,
            "counterfactual_risk": 0.5011036396026611,
            "risk_reduction": 0.0
          },
          {
            "feature": "tcp_ratio",
            "baseline_risk": 0.5011036396026611,
            "counterfactual_risk": 0.5011036396026611,
            "risk_reduction": 0.0
          },
          {
            "feature": "udp_ratio",
            "baseline_risk": 0.5011036396026611,
            "counterfactual_risk": 0.5011036396026611,
            "risk_reduction": 0.0
          },
          {
            "feature": "mean_duration",
            "baseline_risk": 0.5011036396026611,
            "counterfactual_risk": 0.5011036396026611,
            "risk_reduction": 0.0
          },
          {
            "feature": "mean_iat",
            "baseline_risk": 0.5011036396026611,
            "counterfactual_risk": 0.5011036396026611,
            "risk_reduction": 0.0
          }
        ],
        "what_would_reduce_risk": [
          {
            "feature": "bytes_per_flow",
            "baseline_risk": 0.5011036396026611,
            "counterfactual_risk": 0.4783121645450592,
            "risk_reduction": 0.02279147505760193
          }
        ],
        "baseline_risk": 0.5011036396026611,
        "n_rollouts": 4,
        "seed": 0,
        "occlusion_baseline": "zero in model feature space (training mean for normalized continuous features)",
        "interpretation": "Model sensitivity and attention; not proof of causality or calibrated confidence."
      },
      "lead_time_seconds": 0.0,
      "warning_index": null,
      "critical_index": 2
    },
    {
      "scenario": "CIC-IDS2018::SYNTHETIC_FIXTURE_ONLY",
      "target": 0.0,
      "predicted_future_risk": 0.5011418461799622,
      "predictive_variance": 7.453782018274069e-05,
      "explanation": {
        "target": "ensemble_mean_infiltration_probability_at_final_step",
        "gradient_x_input": [
          {
            "feature": "bytes_per_flow",
            "attribution": 0.003288396168500185,
            "signed_attribution": 0.003160359337925911
          },
          {
            "feature": "bytes_total",
            "attribution": 0.0025026281364262104,
            "signed_attribution": -0.0022653257474303246
          },
          {
            "feature": "packet_count",
            "attribution": 0.0,
            "signed_attribution": 0.0
          },
          {
            "feature": "flow_count",
            "attribution": 0.0,
            "signed_attribution": 0.0
          },
          {
            "feature": "packets_total",
            "attribution": 0.0,
            "signed_attribution": 0.0
          },
          {
            "feature": "unique_peer_count",
            "attribution": 0.0,
            "signed_attribution": 0.0
          },
          {
            "feature": "unique_dst_port_count",
            "attribution": 0.0,
            "signed_attribution": 0.0
          },
          {
            "feature": "tcp_ratio",
            "attribution": 0.0,
            "signed_attribution": 0.0
          },
          {
            "feature": "udp_ratio",
            "attribution": 0.0,
            "signed_attribution": 0.0
          },
          {
            "feature": "mean_duration",
            "attribution": 0.0,
            "signed_attribution": 0.0
          }
        ],
        "temporal_attention": [
          {
            "window_index": 0,
            "timestamp": 1518566555.0,
            "attention": 0.5140688419342041
          },
          {
            "window_index": 1,
            "timestamp": 1518566556.0,
            "attention": 0.4859311282634735
          }
        ],
        "feature_occlusion": [
          {
            "feature": "bytes_per_flow",
            "baseline_risk": 0.5011418461799622,
            "counterfactual_risk": 0.47832417488098145,
            "risk_reduction": 0.022817671298980713
          },
          {
            "feature": "packet_count",
            "baseline_risk": 0.5011418461799622,
            "counterfactual_risk": 0.5011418461799622,
            "risk_reduction": 0.0
          },
          {
            "feature": "flow_count",
            "baseline_risk": 0.5011418461799622,
            "counterfactual_risk": 0.5011418461799622,
            "risk_reduction": 0.0
          },
          {
            "feature": "packets_total",
            "baseline_risk": 0.5011418461799622,
            "counterfactual_risk": 0.5011418461799622,
            "risk_reduction": 0.0
          },
          {
            "feature": "unique_peer_count",
            "baseline_risk": 0.5011418461799622,
            "counterfactual_risk": 0.5011418461799622,
            "risk_reduction": 0.0
          },
          {
            "feature": "unique_dst_port_count",
            "baseline_risk": 0.5011418461799622,
            "counterfactual_risk": 0.5011418461799622,
            "risk_reduction": 0.0
          },
          {
            "feature": "tcp_ratio",
            "baseline_risk": 0.5011418461799622,
            "counterfactual_risk": 0.5011418461799622,
            "risk_reduction": 0.0
          },
          {
            "feature": "udp_ratio",
            "baseline_risk": 0.5011418461799622,
            "counterfactual_risk": 0.5011418461799622,
            "risk_reduction": 0.0
          },
          {
            "feature": "mean_duration",
            "baseline_risk": 0.5011418461799622,
            "counterfactual_risk": 0.5011418461799622,
            "risk_reduction": 0.0
          },
          {
            "feature": "mean_iat",
            "baseline_risk": 0.5011418461799622,
            "counterfactual_risk": 0.5011418461799622,
            "risk_reduction": 0.0
          }
        ],
        "what_would_reduce_risk": [
          {
            "feature": "bytes_per_flow",
            "baseline_risk": 0.5011418461799622,
            "counterfactual_risk": 0.47832417488098145,
            "risk_reduction": 0.022817671298980713
          }
        ],
        "baseline_risk": 0.5011418461799622,
        "n_rollouts": 4,
        "seed": 0,
        "occlusion_baseline": "zero in model feature space (training mean for normalized continuous features)",
        "interpretation": "Model sensitivity and attention; not proof of causality or calibrated confidence."
      },
      "lead_time_seconds": 0.0,
      "warning_index": null,
      "critical_index": 1
    },
    {
      "scenario": "CIC-IDS2018::SYNTHETIC_FIXTURE_ONLY",
      "target": 0.0,
      "predicted_future_risk": 0.5011795163154602,
      "predictive_variance": 7.455062586814165e-05,
      "explanation": {
        "target": "ensemble_mean_infiltration_probability_at_final_step",
        "gradient_x_input": [
          {
            "feature": "bytes_per_flow",
            "attribution": 0.003296608105301857,
            "signed_attribution": 0.0031669591553509235
          },
          {
            "feature": "bytes_total",
            "attribution": 0.0025126151740550995,
            "signed_attribution": -0.002274920232594013
          },
          {
            "feature": "packet_count",
            "attribution": 0.0,
            "signed_attribution": 0.0
          },
          {
            "feature": "flow_count",
            "attribution": 0.0,
            "signed_attribution": 0.0
          },
          {
            "feature": "packets_total",
            "attribution": 0.0,
            "signed_attribution": 0.0
          },
          {
            "feature": "unique_peer_count",
            "attribution": 0.0,
            "signed_attribution": 0.0
          },
          {
            "feature": "unique_dst_port_count",
            "attribution": 0.0,
            "signed_attribution": 0.0
          },
          {
            "feature": "tcp_ratio",
            "attribution": 0.0,
            "signed_attribution": 0.0
          },
          {
            "feature": "udp_ratio",
            "attribution": 0.0,
            "signed_attribution": 0.0
          },
          {
            "feature": "mean_duration",
            "attribution": 0.0,
            "signed_attribution": 0.0
          }
        ],
        "temporal_attention": [
          {
            "window_index": 0,
            "timestamp": 1518566556.0,
            "attention": 0.5140774846076965
          },
          {
            "window_index": 1,
            "timestamp": 1518566557.0,
            "attention": 0.48592251539230347
          }
        ],
        "feature_occlusion": [
          {
            "feature": "bytes_per_flow",
            "baseline_risk": 0.5011795163154602,
            "counterfactual_risk": 0.47833582758903503,
            "risk_reduction": 0.02284368872642517
          },
          {
            "feature": "packet_count",
            "baseline_risk": 0.5011795163154602,
            "counterfactual_risk": 0.5011795163154602,
            "risk_reduction": 0.0
          },
          {
            "feature": "flow_count",
            "baseline_risk": 0.5011795163154602,
            "counterfactual_risk": 0.5011795163154602,
            "risk_reduction": 0.0
          },
          {
            "feature": "packets_total",
            "baseline_risk": 0.5011795163154602,
            "counterfactual_risk": 0.5011795163154602,
            "risk_reduction": 0.0
          },
          {
            "feature": "unique_peer_count",
            "baseline_risk": 0.5011795163154602,
            "counterfactual_risk": 0.5011795163154602,
            "risk_reduction": 0.0
          },
          {
            "feature": "unique_dst_port_count",
            "baseline_risk": 0.5011795163154602,
            "counterfactual_risk": 0.5011795163154602,
            "risk_reduction": 0.0
          },
          {
            "feature": "tcp_ratio",
            "baseline_risk": 0.5011795163154602,
            "counterfactual_risk": 0.5011795163154602,
            "risk_reduction": 0.0
          },
          {
            "feature": "udp_ratio",
            "baseline_risk": 0.5011795163154602,
            "counterfactual_risk": 0.5011795163154602,
            "risk_reduction": 0.0
          },
          {
            "feature": "mean_duration",
            "baseline_risk": 0.5011795163154602,
            "counterfactual_risk": 0.5011795163154602,
            "risk_reduction": 0.0
          },
          {
            "feature": "mean_iat",
            "baseline_risk": 0.5011795163154602,
            "counterfactual_risk": 0.5011795163154602,
            "risk_reduction": 0.0
          }
        ],
        "what_would_reduce_risk": [
          {
            "feature": "bytes_per_flow",
            "baseline_risk": 0.5011795163154602,
            "counterfactual_risk": 0.47833582758903503,
            "risk_reduction": 0.02284368872642517
          }
        ],
        "baseline_risk": 0.5011795163154602,
        "n_rollouts": 4,
        "seed": 0,
        "occlusion_baseline": "zero in model feature space (training mean for normalized continuous features)",
        "interpretation": "Model sensitivity and attention; not proof of causality or calibrated confidence."
      },
      "lead_time_seconds": 0.0,
      "warning_index": null,
      "critical_index": 0
    },
    {
      "scenario": "CIC-IDS2018::SYNTHETIC_FIXTURE_ONLY",
      "target": 0.0,
      "predicted_future_risk": 0.5012166500091553,
      "predictive_variance": 7.456343155354261e-05,
      "explanation": {
        "target": "ensemble_mean_infiltration_probability_at_final_step",
        "gradient_x_input": [
          {
            "feature": "bytes_per_flow",
            "attribution": 0.0033047760371118784,
            "signed_attribution": 0.0031735363882035017
          },
          {
            "feature": "bytes_total",
            "attribution": 0.0025225752033293247,
            "signed_attribution": -0.002284497022628784
          },
          {
            "feature": "packet_count",
            "attribution": 0.0,
            "signed_attribution": 0.0
          },
          {
            "feature": "flow_count",
            "attribution": 0.0,
            "signed_attribution": 0.0
          },
          {
            "feature": "packets_total",
            "attribution": 0.0,
            "signed_attribution": 0.0
          },
          {
            "feature": "unique_peer_count",
            "attribution": 0.0,
            "signed_attribution": 0.0
          },
          {
            "feature": "unique_dst_port_count",
            "attribution": 0.0,
            "signed_attribution": 0.0
          },
          {
            "feature": "tcp_ratio",
            "attribution": 0.0,
            "signed_attribution": 0.0
          },
          {
            "feature": "udp_ratio",
            "attribution": 0.0,
            "signed_attribution": 0.0
          },
          {
            "feature": "mean_duration",
            "attribution": 0.0,
            "signed_attribution": 0.0
          }
        ],
        "temporal_attention": [
          {
            "window_index": 0,
            "timestamp": 1518566557.0,
            "attention": 0.5140857696533203
          },
          {
            "window_index": 1,
            "timestamp": 1518566558.0,
            "attention": 0.4859142005443573
          }
        ],
        "feature_occlusion": [
          {
            "feature": "bytes_per_flow",
            "baseline_risk": 0.5012166500091553,
            "counterfactual_risk": 0.47834715247154236,
            "risk_reduction": 0.022869497537612915
          },
          {
            "feature": "packet_count",
            "baseline_risk": 0.5012166500091553,
            "counterfactual_risk": 0.5012166500091553,
            "risk_reduction": 0.0
          },
          {
            "feature": "flow_count",
            "baseline_risk": 0.5012166500091553,
            "counterfactual_risk": 0.5012166500091553,
            "risk_reduction": 0.0
          },
          {
            "feature": "packets_total",
            "baseline_risk": 0.5012166500091553,
            "counterfactual_risk": 0.5012166500091553,
            "risk_reduction": 0.0
          },
          {
            "feature": "unique_peer_count",
            "baseline_risk": 0.5012166500091553,
            "counterfactual_risk": 0.5012166500091553,
            "risk_reduction": 0.0
          },
          {
            "feature": "unique_dst_port_count",
            "baseline_risk": 0.5012166500091553,
            "counterfactual_risk": 0.5012166500091553,
            "risk_reduction": 0.0
          },
          {
            "feature": "tcp_ratio",
            "baseline_risk": 0.5012166500091553,
            "counterfactual_risk": 0.5012166500091553,
            "risk_reduction": 0.0
          },
          {
            "feature": "udp_ratio",
            "baseline_risk": 0.5012166500091553,
            "counterfactual_risk": 0.5012166500091553,
            "risk_reduction": 0.0
          },
          {
            "feature": "mean_duration",
            "baseline_risk": 0.5012166500091553,
            "counterfactual_risk": 0.5012166500091553,
            "risk_reduction": 0.0
          },
          {
            "feature": "mean_iat",
            "baseline_risk": 0.5012166500091553,
            "counterfactual_risk": 0.5012166500091553,
            "risk_reduction": 0.0
          }
        ],
        "what_would_reduce_risk": [
          {
            "feature": "bytes_per_flow",
            "baseline_risk": 0.5012166500091553,
            "counterfactual_risk": 0.47834715247154236,
            "risk_reduction": 0.022869497537612915
          }
        ],
        "baseline_risk": 0.5012166500091553,
        "n_rollouts": 4,
        "seed": 0,
        "occlusion_baseline": "zero in model feature space (training mean for normalized continuous features)",
        "interpretation": "Model sensitivity and attention; not proof of causality or calibrated confidence."
      },
      "lead_time_seconds": null,
      "warning_index": null,
      "critical_index": null
    },
    {
      "scenario": "CIC-IDS2018::SYNTHETIC_FIXTURE_ONLY",
      "target": 1.0,
      "predicted_future_risk": 0.5012533068656921,
      "predictive_variance": 7.457597530446947e-05,
      "explanation": {
        "target": "ensemble_mean_infiltration_probability_at_final_step",
        "gradient_x_input": [
          {
            "feature": "bytes_per_flow",
            "attribution": 0.0033128929790109396,
            "signed_attribution": 0.0031800821889191866
          },
          {
            "feature": "bytes_total",
            "attribution": 0.0025325033348053694,
            "signed_attribution": -0.002294048899784684
          },
          {
            "feature": "packet_count",
            "attribution": 0.0,
            "signed_attribution": 0.0
          },
          {
            "feature": "flow_count",
            "attribution": 0.0,
            "signed_attribution": 0.0
          },
          {
            "feature": "packets_total",
            "attribution": 0.0,
            "signed_attribution": 0.0
          },
          {
            "feature": "unique_peer_count",
            "attribution": 0.0,
            "signed_attribution": 0.0
          },
          {
            "feature": "unique_dst_port_count",
            "attribution": 0.0,
            "signed_attribution": 0.0
          },
          {
            "feature": "tcp_ratio",
            "attribution": 0.0,
            "signed_attribution": 0.0
          },
          {
            "feature": "udp_ratio",
            "attribution": 0.0,
            "signed_attribution": 0.0
          },
          {
            "feature": "mean_duration",
            "attribution": 0.0,
            "signed_attribution": 0.0
          }
        ],
        "temporal_attention": [
          {
            "window_index": 0,
            "timestamp": 1518566558.0,
            "attention": 0.5140938758850098
          },
          {
            "window_index": 1,
            "timestamp": 1518566559.0,
            "attention": 0.48590606451034546
          }
        ],
        "feature_occlusion": [
          {
            "feature": "bytes_per_flow",
            "baseline_risk": 0.5012533068656921,
            "counterfactual_risk": 0.4783581495285034,
            "risk_reduction": 0.02289515733718872
          },
          {
            "feature": "packet_count",
            "baseline_risk": 0.5012533068656921,
            "counterfactual_risk": 0.5012533068656921,
            "risk_reduction": 0.0
          },
          {
            "feature": "flow_count",
            "baseline_risk": 0.5012533068656921,
            "counterfactual_risk": 0.5012533068656921,
            "risk_reduction": 0.0
          },
          {
            "feature": "packets_total",
            "baseline_risk": 0.5012533068656921,
            "counterfactual_risk": 0.5012533068656921,
            "risk_reduction": 0.0
          },
          {
            "feature": "unique_peer_count",
            "baseline_risk": 0.5012533068656921,
            "counterfactual_risk": 0.5012533068656921,
            "risk_reduction": 0.0
          },
          {
            "feature": "unique_dst_port_count",
            "baseline_risk": 0.5012533068656921,
            "counterfactual_risk": 0.5012533068656921,
            "risk_reduction": 0.0
          },
          {
            "feature": "tcp_ratio",
            "baseline_risk": 0.5012533068656921,
            "counterfactual_risk": 0.5012533068656921,
            "risk_reduction": 0.0
          },
          {
            "feature": "udp_ratio",
            "baseline_risk": 0.5012533068656921,
            "counterfactual_risk": 0.5012533068656921,
            "risk_reduction": 0.0
          },
          {
            "feature": "mean_duration",
            "baseline_risk": 0.5012533068656921,
            "counterfactual_risk": 0.5012533068656921,
            "risk_reduction": 0.0
          },
          {
            "feature": "mean_iat",
            "baseline_risk": 0.5012533068656921,
            "counterfactual_risk": 0.5012533068656921,
            "risk_reduction": 0.0
          }
        ],
        "what_would_reduce_risk": [
          {
            "feature": "bytes_per_flow",
            "baseline_risk": 0.5012533068656921,
            "counterfactual_risk": 0.4783581495285034,
            "risk_reduction": 0.02289515733718872
          }
        ],
        "baseline_risk": 0.5012533068656921,
        "n_rollouts": 4,
        "seed": 0,
        "occlusion_baseline": "zero in model feature space (training mean for normalized continuous features)",
        "interpretation": "Model sensitivity and attention; not proof of causality or calibrated confidence."
      },
      "lead_time_seconds": 0.0,
      "warning_index": null,
      "critical_index": 2
    },
    {
      "scenario": "CIC-IDS2018::SYNTHETIC_FIXTURE_ONLY",
      "target": 0.0,
      "predicted_future_risk": 0.501289427280426,
      "predictive_variance": 7.458868640242144e-05,
      "explanation": {
        "target": "ensemble_mean_infiltration_probability_at_final_step",
        "gradient_x_input": [
          {
            "feature": "bytes_per_flow",
            "attribution": 0.0033209649845957756,
            "signed_attribution": 0.003186604008078575
          },
          {
            "feature": "bytes_total",
            "attribution": 0.0025424070190638304,
            "signed_attribution": -0.002303584711626172
          },
          {
            "feature": "packet_count",
            "attribution": 0.0,
            "signed_attribution": 0.0
          },
          {
            "feature": "flow_count",
            "attribution": 0.0,
            "signed_attribution": 0.0
          },
          {
            "feature": "packets_total",
            "attribution": 0.0,
            "signed_attribution": 0.0
          },
          {
            "feature": "unique_peer_count",
            "attribution": 0.0,
            "signed_attribution": 0.0
          },
          {
            "feature": "unique_dst_port_count",
            "attribution": 0.0,
            "signed_attribution": 0.0
          },
          {
            "feature": "tcp_ratio",
            "attribution": 0.0,
            "signed_attribution": 0.0
          },
          {
            "feature": "udp_ratio",
            "attribution": 0.0,
            "signed_attribution": 0.0
          },
          {
            "feature": "mean_duration",
            "attribution": 0.0,
            "signed_attribution": 0.0
          }
        ],
        "temporal_attention": [
          {
            "window_index": 0,
            "timestamp": 1518566559.0,
            "attention": 0.5141018033027649
          },
          {
            "window_index": 1,
            "timestamp": 1518566560.0,
            "attention": 0.4858981668949127
          }
        ],
        "feature_occlusion": [
          {
            "feature": "bytes_per_flow",
            "baseline_risk": 0.501289427280426,
            "counterfactual_risk": 0.4783688187599182,
            "risk_reduction": 0.022920608520507812
          },
          {
            "feature": "packet_count",
            "baseline_risk": 0.501289427280426,
            "counterfactual_risk": 0.501289427280426,
            "risk_reduction": 0.0
          },
          {
            "feature": "flow_count",
            "baseline_risk": 0.501289427280426,
            "counterfactual_risk": 0.501289427280426,
            "risk_reduction": 0.0
          },
          {
            "feature": "packets_total",
            "baseline_risk": 0.501289427280426,
            "counterfactual_risk": 0.501289427280426,
            "risk_reduction": 0.0
          },
          {
            "feature": "unique_peer_count",
            "baseline_risk": 0.501289427280426,
            "counterfactual_risk": 0.501289427280426,
            "risk_reduction": 0.0
          },
          {
            "feature": "unique_dst_port_count",
            "baseline_risk": 0.501289427280426,
            "counterfactual_risk": 0.501289427280426,
            "risk_reduction": 0.0
          },
          {
            "feature": "tcp_ratio",
            "baseline_risk": 0.501289427280426,
            "counterfactual_risk": 0.501289427280426,
            "risk_reduction": 0.0
          },
          {
            "feature": "udp_ratio",
            "baseline_risk": 0.501289427280426,
            "counterfactual_risk": 0.501289427280426,
            "risk_reduction": 0.0
          },
          {
            "feature": "mean_duration",
            "baseline_risk": 0.501289427280426,
            "counterfactual_risk": 0.501289427280426,
            "risk_reduction": 0.0
          },
          {
            "feature": "mean_iat",
            "baseline_risk": 0.501289427280426,
            "counterfactual_risk": 0.501289427280426,
            "risk_reduction": 0.0
          }
        ],
        "what_would_reduce_risk": [
          {
            "feature": "bytes_per_flow",
            "baseline_risk": 0.501289427280426,
            "counterfactual_risk": 0.4783688187599182,
            "risk_reduction": 0.022920608520507812
          }
        ],
        "baseline_risk": 0.501289427280426,
        "n_rollouts": 4,
        "seed": 0,
        "occlusion_baseline": "zero in model feature space (training mean for normalized continuous features)",
        "interpretation": "Model sensitivity and attention; not proof of causality or calibrated confidence."
      },
      "lead_time_seconds": 0.0,
      "warning_index": null,
      "critical_index": 1
    },
    {
      "scenario": "CIC-IDS2018::SYNTHETIC_FIXTURE_ONLY",
      "target": 0.0,
      "predicted_future_risk": 0.5013250708580017,
      "predictive_variance": 7.460176857421175e-05,
      "explanation": {
        "target": "ensemble_mean_infiltration_probability_at_final_step",
        "gradient_x_input": [
          {
            "feature": "bytes_per_flow",
            "attribution": 0.003328984836116433,
            "signed_attribution": 0.0031930922996252775
          },
          {
            "feature": "bytes_total",
            "attribution": 0.002552277874201536,
            "signed_attribution": -0.0023130946792662144
          },
          {
            "feature": "packet_count",
            "attribution": 0.0,
            "signed_attribution": 0.0
          },
          {
            "feature": "flow_count",
            "attribution": 0.0,
            "signed_attribution": 0.0
          },
          {
            "feature": "packets_total",
            "attribution": 0.0,
            "signed_attribution": 0.0
          },
          {
            "feature": "unique_peer_count",
            "attribution": 0.0,
            "signed_attribution": 0.0
          },
          {
            "feature": "unique_dst_port_count",
            "attribution": 0.0,
            "signed_attribution": 0.0
          },
          {
            "feature": "tcp_ratio",
            "attribution": 0.0,
            "signed_attribution": 0.0
          },
          {
            "feature": "udp_ratio",
            "attribution": 0.0,
            "signed_attribution": 0.0
          },
          {
            "feature": "mean_duration",
            "attribution": 0.0,
            "signed_attribution": 0.0
          }
        ],
        "temporal_attention": [
          {
            "window_index": 0,
            "timestamp": 1518566560.0,
            "attention": 0.5141094923019409
          },
          {
            "window_index": 1,
            "timestamp": 1518566561.0,
            "attention": 0.4858905076980591
          }
        ],
        "feature_occlusion": [
          {
            "feature": "bytes_per_flow",
            "baseline_risk": 0.5013250708580017,
            "counterfactual_risk": 0.4783792197704315,
            "risk_reduction": 0.02294585108757019
          },
          {
            "feature": "packet_count",
            "baseline_risk": 0.5013250708580017,
            "counterfactual_risk": 0.5013250708580017,
            "risk_reduction": 0.0
          },
          {
            "feature": "flow_count",
            "baseline_risk": 0.5013250708580017,
            "counterfactual_risk": 0.5013250708580017,
            "risk_reduction": 0.0
          },
          {
            "feature": "packets_total",
            "baseline_risk": 0.5013250708580017,
            "counterfactual_risk": 0.5013250708580017,
            "risk_reduction": 0.0
          },
          {
            "feature": "unique_peer_count",
            "baseline_risk": 0.5013250708580017,
            "counterfactual_risk": 0.5013250708580017,
            "risk_reduction": 0.0
          },
          {
            "feature": "unique_dst_port_count",
            "baseline_risk": 0.5013250708580017,
            "counterfactual_risk": 0.5013250708580017,
            "risk_reduction": 0.0
          },
          {
            "feature": "tcp_ratio",
            "baseline_risk": 0.5013250708580017,
            "counterfactual_risk": 0.5013250708580017,
            "risk_reduction": 0.0
          },
          {
            "feature": "udp_ratio",
            "baseline_risk": 0.5013250708580017,
            "counterfactual_risk": 0.5013250708580017,
            "risk_reduction": 0.0
          },
          {
            "feature": "mean_duration",
            "baseline_risk": 0.5013250708580017,
            "counterfactual_risk": 0.5013250708580017,
            "risk_reduction": 0.0
          },
          {
            "feature": "mean_iat",
            "baseline_risk": 0.5013250708580017,
            "counterfactual_risk": 0.5013250708580017,
            "risk_reduction": 0.0
          }
        ],
        "what_would_reduce_risk": [
          {
            "feature": "bytes_per_flow",
            "baseline_risk": 0.5013250708580017,
            "counterfactual_risk": 0.4783792197704315,
            "risk_reduction": 0.02294585108757019
          }
        ],
        "baseline_risk": 0.5013250708580017,
        "n_rollouts": 4,
        "seed": 0,
        "occlusion_baseline": "zero in model feature space (training mean for normalized continuous features)",
        "interpretation": "Model sensitivity and attention; not proof of causality or calibrated confidence."
      },
      "lead_time_seconds": 0.0,
      "warning_index": null,
      "critical_index": 0
    },
    {
      "scenario": "CIC-IDS2018::SYNTHETIC_FIXTURE_ONLY",
      "target": 0.0,
      "predicted_future_risk": 0.5013602375984192,
      "predictive_variance": 7.461397035513073e-05,
      "explanation": {
        "target": "ensemble_mean_infiltration_probability_at_final_step",
        "gradient_x_input": [
          {
            "feature": "bytes_per_flow",
            "attribution": 0.0033369604498147964,
            "signed_attribution": 0.0031995559111237526
          },
          {
            "feature": "bytes_total",
            "attribution": 0.0025621247477829456,
            "signed_attribution": -0.00232258765026927
          },
          {
            "feature": "packet_count",
            "attribution": 0.0,
            "signed_attribution": 0.0
          },
          {
            "feature": "flow_count",
            "attribution": 0.0,
            "signed_attribution": 0.0
          },
          {
            "feature": "packets_total",
            "attribution": 0.0,
            "signed_attribution": 0.0
          },
          {
            "feature": "unique_peer_count",
            "attribution": 0.0,
            "signed_attribution": 0.0
          },
          {
            "feature": "unique_dst_port_count",
            "attribution": 0.0,
            "signed_attribution": 0.0
          },
          {
            "feature": "tcp_ratio",
            "attribution": 0.0,
            "signed_attribution": 0.0
          },
          {
            "feature": "udp_ratio",
            "attribution": 0.0,
            "signed_attribution": 0.0
          },
          {
            "feature": "mean_duration",
            "attribution": 0.0,
            "signed_attribution": 0.0
          }
        ],
        "temporal_attention": [
          {
            "window_index": 0,
            "timestamp": 1518566561.0,
            "attention": 0.5141170024871826
          },
          {
            "window_index": 1,
            "timestamp": 1518566562.0,
            "attention": 0.4858829975128174
          }
        ],
        "feature_occlusion": [
          {
            "feature": "bytes_per_flow",
            "baseline_risk": 0.5013602375984192,
            "counterfactual_risk": 0.47838929295539856,
            "risk_reduction": 0.02297094464302063
          },
          {
            "feature": "packet_count",
            "baseline_risk": 0.5013602375984192,
            "counterfactual_risk": 0.5013602375984192,
            "risk_reduction": 0.0
          },
          {
            "feature": "flow_count",
            "baseline_risk": 0.5013602375984192,
            "counterfactual_risk": 0.5013602375984192,
            "risk_reduction": 0.0
          },
          {
            "feature": "packets_total",
            "baseline_risk": 0.5013602375984192,
            "counterfactual_risk": 0.5013602375984192,
            "risk_reduction": 0.0
          },
          {
            "feature": "unique_peer_count",
            "baseline_risk": 0.5013602375984192,
            "counterfactual_risk": 0.5013602375984192,
            "risk_reduction": 0.0
          },
          {
            "feature": "unique_dst_port_count",
            "baseline_risk": 0.5013602375984192,
            "counterfactual_risk": 0.5013602375984192,
            "risk_reduction": 0.0
          },
          {
            "feature": "tcp_ratio",
            "baseline_risk": 0.5013602375984192,
            "counterfactual_risk": 0.5013602375984192,
            "risk_reduction": 0.0
          },
          {
            "feature": "udp_ratio",
            "baseline_risk": 0.5013602375984192,
            "counterfactual_risk": 0.5013602375984192,
            "risk_reduction": 0.0
          },
          {
            "feature": "mean_duration",
            "baseline_risk": 0.5013602375984192,
            "counterfactual_risk": 0.5013602375984192,
            "risk_reduction": 0.0
          },
          {
            "feature": "mean_iat",
            "baseline_risk": 0.5013602375984192,
            "counterfactual_risk": 0.5013602375984192,
            "risk_reduction": 0.0
          }
        ],
        "what_would_reduce_risk": [
          {
            "feature": "bytes_per_flow",
            "baseline_risk": 0.5013602375984192,
            "counterfactual_risk": 0.47838929295539856,
            "risk_reduction": 0.02297094464302063
          }
        ],
        "baseline_risk": 0.5013602375984192,
        "n_rollouts": 4,
        "seed": 0,
        "occlusion_baseline": "zero in model feature space (training mean for normalized continuous features)",
        "interpretation": "Model sensitivity and attention; not proof of causality or calibrated confidence."
      },
      "lead_time_seconds": null,
      "warning_index": null,
      "critical_index": null
    },
    {
      "scenario": "CIC-IDS2018::SYNTHETIC_FIXTURE_ONLY",
      "target": 1.0,
      "predicted_future_risk": 0.5013949871063232,
      "predictive_variance": 7.462722714990377e-05,
      "explanation": {
        "target": "ensemble_mean_infiltration_probability_at_final_step",
        "gradient_x_input": [
          {
            "feature": "bytes_per_flow",
            "attribution": 0.0033448804169893265,
            "signed_attribution": 0.0032059825025498867
          },
          {
            "feature": "bytes_total",
            "attribution": 0.002571939956396818,
            "signed_attribution": -0.0023320564068853855
          },
          {
            "feature": "packet_count",
            "attribution": 0.0,
            "signed_attribution": 0.0
          },
          {
            "feature": "flow_count",
            "attribution": 0.0,
            "signed_attribution": 0.0
          },
          {
            "feature": "packets_total",
            "attribution": 0.0,
            "signed_attribution": 0.0
          },
          {
            "feature": "unique_peer_count",
            "attribution": 0.0,
            "signed_attribution": 0.0
          },
          {
            "feature": "unique_dst_port_count",
            "attribution": 0.0,
            "signed_attribution": 0.0
          },
          {
            "feature": "tcp_ratio",
            "attribution": 0.0,
            "signed_attribution": 0.0
          },
          {
            "feature": "udp_ratio",
            "attribution": 0.0,
            "signed_attribution": 0.0
          },
          {
            "feature": "mean_duration",
            "attribution": 0.0,
            "signed_attribution": 0.0
          }
        ],
        "temporal_attention": [
          {
            "window_index": 0,
            "timestamp": 1518566562.0,
            "attention": 0.5141242742538452
          },
          {
            "window_index": 1,
            "timestamp": 1518566563.0,
            "attention": 0.4858757555484772
          }
        ],
        "feature_occlusion": [
          {
            "feature": "bytes_per_flow",
            "baseline_risk": 0.5013949871063232,
            "counterfactual_risk": 0.4783990979194641,
            "risk_reduction": 0.02299588918685913
          },
          {
            "feature": "packet_count",
            "baseline_risk": 0.5013949871063232,
            "counterfactual_risk": 0.5013949871063232,
            "risk_reduction": 0.0
          },
          {
            "feature": "flow_count",
            "baseline_risk": 0.5013949871063232,
            "counterfactual_risk": 0.5013949871063232,
            "risk_reduction": 0.0
          },
          {
            "feature": "packets_total",
            "baseline_risk": 0.5013949871063232,
            "counterfactual_risk": 0.5013949871063232,
            "risk_reduction": 0.0
          },
          {
            "feature": "unique_peer_count",
            "baseline_risk": 0.5013949871063232,
            "counterfactual_risk": 0.5013949871063232,
            "risk_reduction": 0.0
          },
          {
            "feature": "unique_dst_port_count",
            "baseline_risk": 0.5013949871063232,
            "counterfactual_risk": 0.5013949871063232,
            "risk_reduction": 0.0
          },
          {
            "feature": "tcp_ratio",
            "baseline_risk": 0.5013949871063232,
            "counterfactual_risk": 0.5013949871063232,
            "risk_reduction": 0.0
          },
          {
            "feature": "udp_ratio",
            "baseline_risk": 0.5013949871063232,
            "counterfactual_risk": 0.5013949871063232,
            "risk_reduction": 0.0
          },
          {
            "feature": "mean_duration",
            "baseline_risk": 0.5013949871063232,
            "counterfactual_risk": 0.5013949871063232,
            "risk_reduction": 0.0
          },
          {
            "feature": "mean_iat",
            "baseline_risk": 0.5013949871063232,
            "counterfactual_risk": 0.5013949871063232,
            "risk_reduction": 0.0
          }
        ],
        "what_would_reduce_risk": [
          {
            "feature": "bytes_per_flow",
            "baseline_risk": 0.5013949871063232,
            "counterfactual_risk": 0.4783990979194641,
            "risk_reduction": 0.02299588918685913
          }
        ],
        "baseline_risk": 0.5013949871063232,
        "n_rollouts": 4,
        "seed": 0,
        "occlusion_baseline": "zero in model feature space (training mean for normalized continuous features)",
        "interpretation": "Model sensitivity and attention; not proof of causality or calibrated confidence."
      },
      "lead_time_seconds": 0.0,
      "warning_index": null,
      "critical_index": 2
    },
    {
      "scenario": "CIC-IDS2018::SYNTHETIC_FIXTURE_ONLY",
      "target": 0.0,
      "predicted_future_risk": 0.5014292597770691,
      "predictive_variance": 7.463983638444915e-05,
      "explanation": {
        "target": "ensemble_mean_infiltration_probability_at_final_step",
        "gradient_x_input": [
          {
            "feature": "bytes_per_flow",
            "attribution": 0.0033527500927448273,
            "signed_attribution": 0.0032123764976859093
          },
          {
            "feature": "bytes_total",
            "attribution": 0.002581726061180234,
            "signed_attribution": -0.002341501647606492
          },
          {
            "feature": "packet_count",
            "attribution": 0.0,
            "signed_attribution": 0.0
          },
          {
            "feature": "flow_count",
            "attribution": 0.0,
            "signed_attribution": 0.0
          },
          {
            "feature": "packets_total",
            "attribution": 0.0,
            "signed_attribution": 0.0
          },
          {
            "feature": "unique_peer_count",
            "attribution": 0.0,
            "signed_attribution": 0.0
          },
          {
            "feature": "unique_dst_port_count",
            "attribution": 0.0,
            "signed_attribution": 0.0
          },
          {
            "feature": "tcp_ratio",
            "attribution": 0.0,
            "signed_attribution": 0.0
          },
          {
            "feature": "udp_ratio",
            "attribution": 0.0,
            "signed_attribution": 0.0
          },
          {
            "feature": "mean_duration",
            "attribution": 0.0,
            "signed_attribution": 0.0
          }
        ],
        "temporal_attention": [
          {
            "window_index": 0,
            "timestamp": 1518566563.0,
            "attention": 0.5141313672065735
          },
          {
            "window_index": 1,
            "timestamp": 1518566564.0,
            "attention": 0.4858686327934265
          }
        ],
        "feature_occlusion": [
          {
            "feature": "bytes_per_flow",
            "baseline_risk": 0.5014292597770691,
            "counterfactual_risk": 0.4784085750579834,
            "risk_reduction": 0.023020684719085693
          },
          {
            "feature": "packet_count",
            "baseline_risk": 0.5014292597770691,
            "counterfactual_risk": 0.5014292597770691,
            "risk_reduction": 0.0
          },
          {
            "feature": "flow_count",
            "baseline_risk": 0.5014292597770691,
            "counterfactual_risk": 0.5014292597770691,
            "risk_reduction": 0.0
          },
          {
            "feature": "packets_total",
            "baseline_risk": 0.5014292597770691,
            "counterfactual_risk": 0.5014292597770691,
            "risk_reduction": 0.0
          },
          {
            "feature": "unique_peer_count",
            "baseline_risk": 0.5014292597770691,
            "counterfactual_risk": 0.5014292597770691,
            "risk_reduction": 0.0
          },
          {
            "feature": "unique_dst_port_count",
            "baseline_risk": 0.5014292597770691,
            "counterfactual_risk": 0.5014292597770691,
            "risk_reduction": 0.0
          },
          {
            "feature": "tcp_ratio",
            "baseline_risk": 0.5014292597770691,
            "counterfactual_risk": 0.5014292597770691,
            "risk_reduction": 0.0
          },
          {
            "feature": "udp_ratio",
            "baseline_risk": 0.5014292597770691,
            "counterfactual_risk": 0.5014292597770691,
            "risk_reduction": 0.0
          },
          {
            "feature": "mean_duration",
            "baseline_risk": 0.5014292597770691,
            "counterfactual_risk": 0.5014292597770691,
            "risk_reduction": 0.0
          },
          {
            "feature": "mean_iat",
            "baseline_risk": 0.5014292597770691,
            "counterfactual_risk": 0.5014292597770691,
            "risk_reduction": 0.0
          }
        ],
        "what_would_reduce_risk": [
          {
            "feature": "bytes_per_flow",
            "baseline_risk": 0.5014292597770691,
            "counterfactual_risk": 0.4784085750579834,
            "risk_reduction": 0.023020684719085693
          }
        ],
        "baseline_risk": 0.5014292597770691,
        "n_rollouts": 4,
        "seed": 0,
        "occlusion_baseline": "zero in model feature space (training mean for normalized continuous features)",
        "interpretation": "Model sensitivity and attention; not proof of causality or calibrated confidence."
      },
      "lead_time_seconds": 0.0,
      "warning_index": null,
      "critical_index": 1
    },
    {
      "scenario": "CIC-IDS2018::SYNTHETIC_FIXTURE_ONLY",
      "target": 0.0,
      "predicted_future_risk": 0.5014630556106567,
      "predictive_variance": 7.4652380135376e-05,
      "explanation": {
        "target": "ensemble_mean_infiltration_probability_at_final_step",
        "gradient_x_input": [
          {
            "feature": "bytes_per_flow",
            "attribution": 0.00336057017557323,
            "signed_attribution": 0.003218739526346326
          },
          {
            "feature": "bytes_total",
            "attribution": 0.002591485856100917,
            "signed_attribution": -0.0023509275633841753
          },
          {
            "feature": "packet_count",
            "attribution": 0.0,
            "signed_attribution": 0.0
          },
          {
            "feature": "flow_count",
            "attribution": 0.0,
            "signed_attribution": 0.0
          },
          {
            "feature": "packets_total",
            "attribution": 0.0,
            "signed_attribution": 0.0
          },
          {
            "feature": "unique_peer_count",
            "attribution": 0.0,
            "signed_attribution": 0.0
          },
          {
            "feature": "unique_dst_port_count",
            "attribution": 0.0,
            "signed_attribution": 0.0
          },
          {
            "feature": "tcp_ratio",
            "attribution": 0.0,
            "signed_attribution": 0.0
          },
          {
            "feature": "udp_ratio",
            "attribution": 0.0,
            "signed_attribution": 0.0
          },
          {
            "feature": "mean_duration",
            "attribution": 0.0,
            "signed_attribution": 0.0
          }
        ],
        "temporal_attention": [
          {
            "window_index": 0,
            "timestamp": 1518566564.0,
            "attention": 0.5141382813453674
          },
          {
            "window_index": 1,
            "timestamp": 1518566565.0,
            "attention": 0.48586171865463257
          }
        ],
        "feature_occlusion": [
          {
            "feature": "bytes_per_flow",
            "baseline_risk": 0.5014630556106567,
            "counterfactual_risk": 0.4784177243709564,
            "risk_reduction": 0.023045331239700317
          },
          {
            "feature": "packet_count",
            "baseline_risk": 0.5014630556106567,
            "counterfactual_risk": 0.5014630556106567,
            "risk_reduction": 0.0
          },
          {
            "feature": "flow_count",
            "baseline_risk": 0.5014630556106567,
            "counterfactual_risk": 0.5014630556106567,
            "risk_reduction": 0.0
          },
          {
            "feature": "packets_total",
            "baseline_risk": 0.5014630556106567,
            "counterfactual_risk": 0.5014630556106567,
            "risk_reduction": 0.0
          },
          {
            "feature": "unique_peer_count",
            "baseline_risk": 0.5014630556106567,
            "counterfactual_risk": 0.5014630556106567,
            "risk_reduction": 0.0
          },
          {
            "feature": "unique_dst_port_count",
            "baseline_risk": 0.5014630556106567,
            "counterfactual_risk": 0.5014630556106567,
            "risk_reduction": 0.0
          },
          {
            "feature": "tcp_ratio",
            "baseline_risk": 0.5014630556106567,
            "counterfactual_risk": 0.5014630556106567,
            "risk_reduction": 0.0
          },
          {
            "feature": "udp_ratio",
            "baseline_risk": 0.5014630556106567,
            "counterfactual_risk": 0.5014630556106567,
            "risk_reduction": 0.0
          },
          {
            "feature": "mean_duration",
            "baseline_risk": 0.5014630556106567,
            "counterfactual_risk": 0.5014630556106567,
            "risk_reduction": 0.0
          },
          {
            "feature": "mean_iat",
            "baseline_risk": 0.5014630556106567,
            "counterfactual_risk": 0.5014630556106567,
            "risk_reduction": 0.0
          }
        ],
        "what_would_reduce_risk": [
          {
            "feature": "bytes_per_flow",
            "baseline_risk": 0.5014630556106567,
            "counterfactual_risk": 0.4784177243709564,
            "risk_reduction": 0.023045331239700317
          }
        ],
        "baseline_risk": 0.5014630556106567,
        "n_rollouts": 4,
        "seed": 0,
        "occlusion_baseline": "zero in model feature space (training mean for normalized continuous features)",
        "interpretation": "Model sensitivity and attention; not proof of causality or calibrated confidence."
      },
      "lead_time_seconds": 0.0,
      "warning_index": null,
      "critical_index": 0
    },
    {
      "scenario": "CIC-IDS2018::SYNTHETIC_FIXTURE_ONLY",
      "target": 0.0,
      "predicted_future_risk": 0.5014963746070862,
      "predictive_variance": 7.466557144653052e-05,
      "explanation": {
        "target": "ensemble_mean_infiltration_probability_at_final_step",
        "gradient_x_input": [
          {
            "feature": "bytes_per_flow",
            "attribution": 0.0033683334477245808,
            "signed_attribution": 0.003225062508136034
          },
          {
            "feature": "bytes_total",
            "attribution": 0.0026012135203927755,
            "signed_attribution": -0.0023603264708071947
          },
          {
            "feature": "packet_count",
            "attribution": 0.0,
            "signed_attribution": 0.0
          },
          {
            "feature": "flow_count",
            "attribution": 0.0,
            "signed_attribution": 0.0
          },
          {
            "feature": "packets_total",
            "attribution": 0.0,
            "signed_attribution": 0.0
          },
          {
            "feature": "unique_peer_count",
            "attribution": 0.0,
            "signed_attribution": 0.0
          },
          {
            "feature": "unique_dst_port_count",
            "attribution": 0.0,
            "signed_attribution": 0.0
          },
          {
            "feature": "tcp_ratio",
            "attribution": 0.0,
            "signed_attribution": 0.0
          },
          {
            "feature": "udp_ratio",
            "attribution": 0.0,
            "signed_attribution": 0.0
          },
          {
            "feature": "mean_duration",
            "attribution": 0.0,
            "signed_attribution": 0.0
          }
        ],
        "temporal_attention": [
          {
            "window_index": 0,
            "timestamp": 1518566565.0,
            "attention": 0.5141449570655823
          },
          {
            "window_index": 1,
            "timestamp": 1518566566.0,
            "attention": 0.4858550429344177
          }
        ],
        "feature_occlusion": [
          {
            "feature": "bytes_per_flow",
            "baseline_risk": 0.5014963746070862,
            "counterfactual_risk": 0.47842666506767273,
            "risk_reduction": 0.023069709539413452
          },
          {
            "feature": "packet_count",
            "baseline_risk": 0.5014963746070862,
            "counterfactual_risk": 0.5014963746070862,
            "risk_reduction": 0.0
          },
          {
            "feature": "flow_count",
            "baseline_risk": 0.5014963746070862,
            "counterfactual_risk": 0.5014963746070862,
            "risk_reduction": 0.0
          },
          {
            "feature": "packets_total",
            "baseline_risk": 0.5014963746070862,
            "counterfactual_risk": 0.5014963746070862,
            "risk_reduction": 0.0
          },
          {
            "feature": "unique_peer_count",
            "baseline_risk": 0.5014963746070862,
            "counterfactual_risk": 0.5014963746070862,
            "risk_reduction": 0.0
          },
          {
            "feature": "unique_dst_port_count",
            "baseline_risk": 0.5014963746070862,
            "counterfactual_risk": 0.5014963746070862,
            "risk_reduction": 0.0
          },
          {
            "feature": "tcp_ratio",
            "baseline_risk": 0.5014963746070862,
            "counterfactual_risk": 0.5014963746070862,
            "risk_reduction": 0.0
          },
          {
            "feature": "udp_ratio",
            "baseline_risk": 0.5014963746070862,
            "counterfactual_risk": 0.5014963746070862,
            "risk_reduction": 0.0
          },
          {
            "feature": "mean_duration",
            "baseline_risk": 0.5014963746070862,
            "counterfactual_risk": 0.5014963746070862,
            "risk_reduction": 0.0
          },
          {
            "feature": "mean_iat",
            "baseline_risk": 0.5014963746070862,
            "counterfactual_risk": 0.5014963746070862,
            "risk_reduction": 0.0
          }
        ],
        "what_would_reduce_risk": [
          {
            "feature": "bytes_per_flow",
            "baseline_risk": 0.5014963746070862,
            "counterfactual_risk": 0.47842666506767273,
            "risk_reduction": 0.023069709539413452
          }
        ],
        "baseline_risk": 0.5014963746070862,
        "n_rollouts": 4,
        "seed": 0,
        "occlusion_baseline": "zero in model feature space (training mean for normalized continuous features)",
        "interpretation": "Model sensitivity and attention; not proof of causality or calibrated confidence."
      },
      "lead_time_seconds": null,
      "warning_index": null,
      "critical_index": null
    },
    {
      "scenario": "CIC-IDS2018::SYNTHETIC_FIXTURE_ONLY",
      "target": 1.0,
      "predicted_future_risk": 0.501529335975647,
      "predictive_variance": 7.467804243788123e-05,
      "explanation": {
        "target": "ensemble_mean_infiltration_probability_at_final_step",
        "gradient_x_input": [
          {
            "feature": "bytes_per_flow",
            "attribution": 0.00337604689411819,
            "signed_attribution": 0.0032313524279743433
          },
          {
            "feature": "bytes_total",
            "attribution": 0.0026109148748219013,
            "signed_attribution": -0.0023697051219642162
          },
          {
            "feature": "packet_count",
            "attribution": 0.0,
            "signed_attribution": 0.0
          },
          {
            "feature": "flow_count",
            "attribution": 0.0,
            "signed_attribution": 0.0
          },
          {
            "feature": "packets_total",
            "attribution": 0.0,
            "signed_attribution": 0.0
          },
          {
            "feature": "unique_peer_count",
            "attribution": 0.0,
            "signed_attribution": 0.0
          },
          {
            "feature": "unique_dst_port_count",
            "attribution": 0.0,
            "signed_attribution": 0.0
          },
          {
            "feature": "tcp_ratio",
            "attribution": 0.0,
            "signed_attribution": 0.0
          },
          {
            "feature": "udp_ratio",
            "attribution": 0.0,
            "signed_attribution": 0.0
          },
          {
            "feature": "mean_duration",
            "attribution": 0.0,
            "signed_attribution": 0.0
          }
        ],
        "temporal_attention": [
          {
            "window_index": 0,
            "timestamp": 1518566566.0,
            "attention": 0.5141514539718628
          },
          {
            "window_index": 1,
            "timestamp": 1518566567.0,
            "attention": 0.4858485460281372
          }
        ],
        "feature_occlusion": [
          {
            "feature": "bytes_per_flow",
            "baseline_risk": 0.501529335975647,
            "counterfactual_risk": 0.47843533754348755,
            "risk_reduction": 0.023093998432159424
          },
          {
            "feature": "packet_count",
            "baseline_risk": 0.501529335975647,
            "counterfactual_risk": 0.501529335975647,
            "risk_reduction": 0.0
          },
          {
            "feature": "flow_count",
            "baseline_risk": 0.501529335975647,
            "counterfactual_risk": 0.501529335975647,
            "risk_reduction": 0.0
          },
          {
            "feature": "packets_total",
            "baseline_risk": 0.501529335975647,
            "counterfactual_risk": 0.501529335975647,
            "risk_reduction": 0.0
          },
          {
            "feature": "unique_peer_count",
            "baseline_risk": 0.501529335975647,
            "counterfactual_risk": 0.501529335975647,
            "risk_reduction": 0.0
          },
          {
            "feature": "unique_dst_port_count",
            "baseline_risk": 0.501529335975647,
            "counterfactual_risk": 0.501529335975647,
            "risk_reduction": 0.0
          },
          {
            "feature": "tcp_ratio",
            "baseline_risk": 0.501529335975647,
            "counterfactual_risk": 0.501529335975647,
            "risk_reduction": 0.0
          },
          {
            "feature": "udp_ratio",
            "baseline_risk": 0.501529335975647,
            "counterfactual_risk": 0.501529335975647,
            "risk_reduction": 0.0
          },
          {
            "feature": "mean_duration",
            "baseline_risk": 0.501529335975647,
            "counterfactual_risk": 0.501529335975647,
            "risk_reduction": 0.0
          },
          {
            "feature": "mean_iat",
            "baseline_risk": 0.501529335975647,
            "counterfactual_risk": 0.501529335975647,
            "risk_reduction": 0.0
          }
        ],
        "what_would_reduce_risk": [
          {
            "feature": "bytes_per_flow",
            "baseline_risk": 0.501529335975647,
            "counterfactual_risk": 0.47843533754348755,
            "risk_reduction": 0.023093998432159424
          }
        ],
        "baseline_risk": 0.501529335975647,
        "n_rollouts": 4,
        "seed": 0,
        "occlusion_baseline": "zero in model feature space (training mean for normalized continuous features)",
        "interpretation": "Model sensitivity and attention; not proof of causality or calibrated confidence."
      },
      "lead_time_seconds": 0.0,
      "warning_index": null,
      "critical_index": 2
    },
    {
      "scenario": "CIC-IDS2018::SYNTHETIC_FIXTURE_ONLY",
      "target": 0.0,
      "predicted_future_risk": 0.5015618205070496,
      "predictive_variance": 7.469116826541722e-05,
      "explanation": {
        "target": "ensemble_mean_infiltration_probability_at_final_step",
        "gradient_x_input": [
          {
            "feature": "bytes_per_flow",
            "attribution": 0.0033837039954960346,
            "signed_attribution": 0.003237603697925806
          },
          {
            "feature": "bytes_total",
            "attribution": 0.0026205882895737886,
            "signed_attribution": -0.002379061421379447
          },
          {
            "feature": "packet_count",
            "attribution": 0.0,
            "signed_attribution": 0.0
          },
          {
            "feature": "flow_count",
            "attribution": 0.0,
            "signed_attribution": 0.0
          },
          {
            "feature": "packets_total",
            "attribution": 0.0,
            "signed_attribution": 0.0
          },
          {
            "feature": "unique_peer_count",
            "attribution": 0.0,
            "signed_attribution": 0.0
          },
          {
            "feature": "unique_dst_port_count",
            "attribution": 0.0,
            "signed_attribution": 0.0
          },
          {
            "feature": "tcp_ratio",
            "attribution": 0.0,
            "signed_attribution": 0.0
          },
          {
            "feature": "udp_ratio",
            "attribution": 0.0,
            "signed_attribution": 0.0
          },
          {
            "feature": "mean_duration",
            "attribution": 0.0,
            "signed_attribution": 0.0
          }
        ],
        "temporal_attention": [
          {
            "window_index": 0,
            "timestamp": 1518566567.0,
            "attention": 0.5141578316688538
          },
          {
            "window_index": 1,
            "timestamp": 1518566568.0,
            "attention": 0.48584216833114624
          }
        ],
        "feature_occlusion": [
          {
            "feature": "bytes_per_flow",
            "baseline_risk": 0.5015618205070496,
            "counterfactual_risk": 0.4784437119960785,
            "risk_reduction": 0.02311810851097107
          },
          {
            "feature": "packet_count",
            "baseline_risk": 0.5015618205070496,
            "counterfactual_risk": 0.5015618205070496,
            "risk_reduction": 0.0
          },
          {
            "feature": "flow_count",
            "baseline_risk": 0.5015618205070496,
            "counterfactual_risk": 0.5015618205070496,
            "risk_reduction": 0.0
          },
          {
            "feature": "packets_total",
            "baseline_risk": 0.5015618205070496,
            "counterfactual_risk": 0.5015618205070496,
            "risk_reduction": 0.0
          },
          {
            "feature": "unique_peer_count",
            "baseline_risk": 0.5015618205070496,
            "counterfactual_risk": 0.5015618205070496,
            "risk_reduction": 0.0
          },
          {
            "feature": "unique_dst_port_count",
            "baseline_risk": 0.5015618205070496,
            "counterfactual_risk": 0.5015618205070496,
            "risk_reduction": 0.0
          },
          {
            "feature": "tcp_ratio",
            "baseline_risk": 0.5015618205070496,
            "counterfactual_risk": 0.5015618205070496,
            "risk_reduction": 0.0
          },
          {
            "feature": "udp_ratio",
            "baseline_risk": 0.5015618205070496,
            "counterfactual_risk": 0.5015618205070496,
            "risk_reduction": 0.0
          },
          {
            "feature": "mean_duration",
            "baseline_risk": 0.5015618205070496,
            "counterfactual_risk": 0.5015618205070496,
            "risk_reduction": 0.0
          },
          {
            "feature": "mean_iat",
            "baseline_risk": 0.5015618205070496,
            "counterfactual_risk": 0.5015618205070496,
            "risk_reduction": 0.0
          }
        ],
        "what_would_reduce_risk": [
          {
            "feature": "bytes_per_flow",
            "baseline_risk": 0.5015618205070496,
            "counterfactual_risk": 0.4784437119960785,
            "risk_reduction": 0.02311810851097107
          }
        ],
        "baseline_risk": 0.5015618205070496,
        "n_rollouts": 4,
        "seed": 0,
        "occlusion_baseline": "zero in model feature space (training mean for normalized continuous features)",
        "interpretation": "Model sensitivity and attention; not proof of causality or calibrated confidence."
      },
      "lead_time_seconds": 0.0,
      "warning_index": null,
      "critical_index": 1
    },
    {
      "scenario": "CIC-IDS2018::SYNTHETIC_FIXTURE_ONLY",
      "target": 0.0,
      "predicted_future_risk": 0.5015938878059387,
      "predictive_variance": 7.470401033060625e-05,
      "explanation": {
        "target": "ensemble_mean_infiltration_probability_at_final_step",
        "gradient_x_input": [
          {
            "feature": "bytes_per_flow",
            "attribution": 0.00339131080545485,
            "signed_attribution": 0.003243820508942008
          },
          {
            "feature": "bytes_total",
            "attribution": 0.00263023329898715,
            "signed_attribution": -0.0023883949033915997
          },
          {
            "feature": "packet_count",
            "attribution": 0.0,
            "signed_attribution": 0.0
          },
          {
            "feature": "flow_count",
            "attribution": 0.0,
            "signed_attribution": 0.0
          },
          {
            "feature": "packets_total",
            "attribution": 0.0,
            "signed_attribution": 0.0
          },
          {
            "feature": "unique_peer_count",
            "attribution": 0.0,
            "signed_attribution": 0.0
          },
          {
            "feature": "unique_dst_port_count",
            "attribution": 0.0,
            "signed_attribution": 0.0
          },
          {
            "feature": "tcp_ratio",
            "attribution": 0.0,
            "signed_attribution": 0.0
          },
          {
            "feature": "udp_ratio",
            "attribution": 0.0,
            "signed_attribution": 0.0
          },
          {
            "feature": "mean_duration",
            "attribution": 0.0,
            "signed_attribution": 0.0
          }
        ],
        "temporal_attention": [
          {
            "window_index": 0,
            "timestamp": 1518566568.0,
            "attention": 0.5141640305519104
          },
          {
            "window_index": 1,
            "timestamp": 1518566569.0,
            "attention": 0.4858359694480896
          }
        ],
        "feature_occlusion": [
          {
            "feature": "bytes_per_flow",
            "baseline_risk": 0.5015938878059387,
            "counterfactual_risk": 0.47845181822776794,
            "risk_reduction": 0.023142069578170776
          },
          {
            "feature": "packet_count",
            "baseline_risk": 0.5015938878059387,
            "counterfactual_risk": 0.5015938878059387,
            "risk_reduction": 0.0
          },
          {
            "feature": "flow_count",
            "baseline_risk": 0.5015938878059387,
            "counterfactual_risk": 0.5015938878059387,
            "risk_reduction": 0.0
          },
          {
            "feature": "packets_total",
            "baseline_risk": 0.5015938878059387,
            "counterfactual_risk": 0.5015938878059387,
            "risk_reduction": 0.0
          },
          {
            "feature": "unique_peer_count",
            "baseline_risk": 0.5015938878059387,
            "counterfactual_risk": 0.5015938878059387,
            "risk_reduction": 0.0
          },
          {
            "feature": "unique_dst_port_count",
            "baseline_risk": 0.5015938878059387,
            "counterfactual_risk": 0.5015938878059387,
            "risk_reduction": 0.0
          },
          {
            "feature": "tcp_ratio",
            "baseline_risk": 0.5015938878059387,
            "counterfactual_risk": 0.5015938878059387,
            "risk_reduction": 0.0
          },
          {
            "feature": "udp_ratio",
            "baseline_risk": 0.5015938878059387,
            "counterfactual_risk": 0.5015938878059387,
            "risk_reduction": 0.0
          },
          {
            "feature": "mean_duration",
            "baseline_risk": 0.5015938878059387,
            "counterfactual_risk": 0.5015938878059387,
            "risk_reduction": 0.0
          },
          {
            "feature": "mean_iat",
            "baseline_risk": 0.5015938878059387,
            "counterfactual_risk": 0.5015938878059387,
            "risk_reduction": 0.0
          }
        ],
        "what_would_reduce_risk": [
          {
            "feature": "bytes_per_flow",
            "baseline_risk": 0.5015938878059387,
            "counterfactual_risk": 0.47845181822776794,
            "risk_reduction": 0.023142069578170776
          }
        ],
        "baseline_risk": 0.5015938878059387,
        "n_rollouts": 4,
        "seed": 0,
        "occlusion_baseline": "zero in model feature space (training mean for normalized continuous features)",
        "interpretation": "Model sensitivity and attention; not proof of causality or calibrated confidence."
      },
      "lead_time_seconds": 0.0,
      "warning_index": null,
      "critical_index": 0
    },
    {
      "scenario": "CIC-IDS2018::SYNTHETIC_FIXTURE_ONLY",
      "target": 0.0,
      "predicted_future_risk": 0.5016255378723145,
      "predictive_variance": 7.471642311429605e-05,
      "explanation": {
        "target": "ensemble_mean_infiltration_probability_at_final_step",
        "gradient_x_input": [
          {
            "feature": "bytes_per_flow",
            "attribution": 0.003398861037567258,
            "signed_attribution": 0.0032499965745955706
          },
          {
            "feature": "bytes_total",
            "attribution": 0.0026398489717394114,
            "signed_attribution": -0.002397703705355525
          },
          {
            "feature": "packet_count",
            "attribution": 0.0,
            "signed_attribution": 0.0
          },
          {
            "feature": "flow_count",
            "attribution": 0.0,
            "signed_attribution": 0.0
          },
          {
            "feature": "packets_total",
            "attribution": 0.0,
            "signed_attribution": 0.0
          },
          {
            "feature": "unique_peer_count",
            "attribution": 0.0,
            "signed_attribution": 0.0
          },
          {
            "feature": "unique_dst_port_count",
            "attribution": 0.0,
            "signed_attribution": 0.0
          },
          {
            "feature": "tcp_ratio",
            "attribution": 0.0,
            "signed_attribution": 0.0
          },
          {
            "feature": "udp_ratio",
            "attribution": 0.0,
            "signed_attribution": 0.0
          },
          {
            "feature": "mean_duration",
            "attribution": 0.0,
            "signed_attribution": 0.0
          }
        ],
        "temporal_attention": [
          {
            "window_index": 0,
            "timestamp": 1518566569.0,
            "attention": 0.5141700506210327
          },
          {
            "window_index": 1,
            "timestamp": 1518566570.0,
            "attention": 0.4858299493789673
          }
        ],
        "feature_occlusion": [
          {
            "feature": "bytes_per_flow",
            "baseline_risk": 0.5016255378723145,
            "counterfactual_risk": 0.4784597158432007,
            "risk_reduction": 0.02316582202911377
          },
          {
            "feature": "packet_count",
            "baseline_risk": 0.5016255378723145,
            "counterfactual_risk": 0.5016255378723145,
            "risk_reduction": 0.0
          },
          {
            "feature": "flow_count",
            "baseline_risk": 0.5016255378723145,
            "counterfactual_risk": 0.5016255378723145,
            "risk_reduction": 0.0
          },
          {
            "feature": "packets_total",
            "baseline_risk": 0.5016255378723145,
            "counterfactual_risk": 0.5016255378723145,
            "risk_reduction": 0.0
          },
          {
            "feature": "unique_peer_count",
            "baseline_risk": 0.5016255378723145,
            "counterfactual_risk": 0.5016255378723145,
            "risk_reduction": 0.0
          },
          {
            "feature": "unique_dst_port_count",
            "baseline_risk": 0.5016255378723145,
            "counterfactual_risk": 0.5016255378723145,
            "risk_reduction": 0.0
          },
          {
            "feature": "tcp_ratio",
            "baseline_risk": 0.5016255378723145,
            "counterfactual_risk": 0.5016255378723145,
            "risk_reduction": 0.0
          },
          {
            "feature": "udp_ratio",
            "baseline_risk": 0.5016255378723145,
            "counterfactual_risk": 0.5016255378723145,
            "risk_reduction": 0.0
          },
          {
            "feature": "mean_duration",
            "baseline_risk": 0.5016255378723145,
            "counterfactual_risk": 0.5016255378723145,
            "risk_reduction": 0.0
          },
          {
            "feature": "mean_iat",
            "baseline_risk": 0.5016255378723145,
            "counterfactual_risk": 0.5016255378723145,
            "risk_reduction": 0.0
          }
        ],
        "what_would_reduce_risk": [
          {
            "feature": "bytes_per_flow",
            "baseline_risk": 0.5016255378723145,
            "counterfactual_risk": 0.4784597158432007,
            "risk_reduction": 0.02316582202911377
          }
        ],
        "baseline_risk": 0.5016255378723145,
        "n_rollouts": 4,
        "seed": 0,
        "occlusion_baseline": "zero in model feature space (training mean for normalized continuous features)",
        "interpretation": "Model sensitivity and attention; not proof of causality or calibrated confidence."
      },
      "lead_time_seconds": null,
      "warning_index": null,
      "critical_index": null
    },
    {
      "scenario": "CIC-IDS2018::SYNTHETIC_FIXTURE_ONLY",
      "target": 1.0,
      "predicted_future_risk": 0.5016567707061768,
      "predictive_variance": 7.472923607565463e-05,
      "explanation": {
        "target": "ensemble_mean_infiltration_probability_at_final_step",
        "gradient_x_input": [
          {
            "feature": "bytes_per_flow",
            "attribution": 0.0034063535276800394,
            "signed_attribution": 0.0032561307307332754
          },
          {
            "feature": "bytes_total",
            "attribution": 0.002649434143677354,
            "signed_attribution": -0.002406986663118005
          },
          {
            "feature": "packet_count",
            "attribution": 0.0,
            "signed_attribution": 0.0
          },
          {
            "feature": "flow_count",
            "attribution": 0.0,
            "signed_attribution": 0.0
          },
          {
            "feature": "packets_total",
            "attribution": 0.0,
            "signed_attribution": 0.0
          },
          {
            "feature": "unique_peer_count",
            "attribution": 0.0,
            "signed_attribution": 0.0
          },
          {
            "feature": "unique_dst_port_count",
            "attribution": 0.0,
            "signed_attribution": 0.0
          },
          {
            "feature": "tcp_ratio",
            "attribution": 0.0,
            "signed_attribution": 0.0
          },
          {
            "feature": "udp_ratio",
            "attribution": 0.0,
            "signed_attribution": 0.0
          },
          {
            "feature": "mean_duration",
            "attribution": 0.0,
            "signed_attribution": 0.0
          }
        ],
        "temporal_attention": [
          {
            "window_index": 0,
            "timestamp": 1518566570.0,
            "attention": 0.5141759514808655
          },
          {
            "window_index": 1,
            "timestamp": 1518566571.0,
            "attention": 0.4858241081237793
          }
        ],
        "feature_occlusion": [
          {
            "feature": "bytes_per_flow",
            "baseline_risk": 0.5016567707061768,
            "counterfactual_risk": 0.47846734523773193,
            "risk_reduction": 0.023189425468444824
          },
          {
            "feature": "packet_count",
            "baseline_risk": 0.5016567707061768,
            "counterfactual_risk": 0.5016567707061768,
            "risk_reduction": 0.0
          },
          {
            "feature": "flow_count",
            "baseline_risk": 0.5016567707061768,
            "counterfactual_risk": 0.5016567707061768,
            "risk_reduction": 0.0
          },
          {
            "feature": "packets_total",
            "baseline_risk": 0.5016567707061768,
            "counterfactual_risk": 0.5016567707061768,
            "risk_reduction": 0.0
          },
          {
            "feature": "unique_peer_count",
            "baseline_risk": 0.5016567707061768,
            "counterfactual_risk": 0.5016567707061768,
            "risk_reduction": 0.0
          },
          {
            "feature": "unique_dst_port_count",
            "baseline_risk": 0.5016567707061768,
            "counterfactual_risk": 0.5016567707061768,
            "risk_reduction": 0.0
          },
          {
            "feature": "tcp_ratio",
            "baseline_risk": 0.5016567707061768,
            "counterfactual_risk": 0.5016567707061768,
            "risk_reduction": 0.0
          },
          {
            "feature": "udp_ratio",
            "baseline_risk": 0.5016567707061768,
            "counterfactual_risk": 0.5016567707061768,
            "risk_reduction": 0.0
          },
          {
            "feature": "mean_duration",
            "baseline_risk": 0.5016567707061768,
            "counterfactual_risk": 0.5016567707061768,
            "risk_reduction": 0.0
          },
          {
            "feature": "mean_iat",
            "baseline_risk": 0.5016567707061768,
            "counterfactual_risk": 0.5016567707061768,
            "risk_reduction": 0.0
          }
        ],
        "what_would_reduce_risk": [
          {
            "feature": "bytes_per_flow",
            "baseline_risk": 0.5016567707061768,
            "counterfactual_risk": 0.47846734523773193,
            "risk_reduction": 0.023189425468444824
          }
        ],
        "baseline_risk": 0.5016567707061768,
        "n_rollouts": 4,
        "seed": 0,
        "occlusion_baseline": "zero in model feature space (training mean for normalized continuous features)",
        "interpretation": "Model sensitivity and attention; not proof of causality or calibrated confidence."
      },
      "lead_time_seconds": 0.0,
      "warning_index": null,
      "critical_index": 2
    },
    {
      "scenario": "CIC-IDS2018::SYNTHETIC_FIXTURE_ONLY",
      "target": 0.0,
      "predicted_future_risk": 0.5016876459121704,
      "predictive_variance": 7.474180893041193e-05,
      "explanation": {
        "target": "ensemble_mean_infiltration_probability_at_final_step",
        "gradient_x_input": [
          {
            "feature": "bytes_per_flow",
            "attribution": 0.003413790836930275,
            "signed_attribution": 0.003262224607169628
          },
          {
            "feature": "bytes_total",
            "attribution": 0.0026589902117848396,
            "signed_attribution": -0.002416245173662901
          },
          {
            "feature": "packet_count",
            "attribution": 0.0,
            "signed_attribution": 0.0
          },
          {
            "feature": "flow_count",
            "attribution": 0.0,
            "signed_attribution": 0.0
          },
          {
            "feature": "packets_total",
            "attribution": 0.0,
            "signed_attribution": 0.0
          },
          {
            "feature": "unique_peer_count",
            "attribution": 0.0,
            "signed_attribution": 0.0
          },
          {
            "feature": "unique_dst_port_count",
            "attribution": 0.0,
            "signed_attribution": 0.0
          },
          {
            "feature": "tcp_ratio",
            "attribution": 0.0,
            "signed_attribution": 0.0
          },
          {
            "feature": "udp_ratio",
            "attribution": 0.0,
            "signed_attribution": 0.0
          },
          {
            "feature": "mean_duration",
            "attribution": 0.0,
            "signed_attribution": 0.0
          }
        ],
        "temporal_attention": [
          {
            "window_index": 0,
            "timestamp": 1518566571.0,
            "attention": 0.5141816139221191
          },
          {
            "window_index": 1,
            "timestamp": 1518566572.0,
            "attention": 0.48581841588020325
          }
        ],
        "feature_occlusion": [
          {
            "feature": "bytes_per_flow",
            "baseline_risk": 0.5016876459121704,
            "counterfactual_risk": 0.47847476601600647,
            "risk_reduction": 0.02321287989616394
          },
          {
            "feature": "packet_count",
            "baseline_risk": 0.5016876459121704,
            "counterfactual_risk": 0.5016876459121704,
            "risk_reduction": 0.0
          },
          {
            "feature": "flow_count",
            "baseline_risk": 0.5016876459121704,
            "counterfactual_risk": 0.5016876459121704,
            "risk_reduction": 0.0
          },
          {
            "feature": "packets_total",
            "baseline_risk": 0.5016876459121704,
            "counterfactual_risk": 0.5016876459121704,
            "risk_reduction": 0.0
          },
          {
            "feature": "unique_peer_count",
            "baseline_risk": 0.5016876459121704,
            "counterfactual_risk": 0.5016876459121704,
            "risk_reduction": 0.0
          },
          {
            "feature": "unique_dst_port_count",
            "baseline_risk": 0.5016876459121704,
            "counterfactual_risk": 0.5016876459121704,
            "risk_reduction": 0.0
          },
          {
            "feature": "tcp_ratio",
            "baseline_risk": 0.5016876459121704,
            "counterfactual_risk": 0.5016876459121704,
            "risk_reduction": 0.0
          },
          {
            "feature": "udp_ratio",
            "baseline_risk": 0.5016876459121704,
            "counterfactual_risk": 0.5016876459121704,
            "risk_reduction": 0.0
          },
          {
            "feature": "mean_duration",
            "baseline_risk": 0.5016876459121704,
            "counterfactual_risk": 0.5016876459121704,
            "risk_reduction": 0.0
          },
          {
            "feature": "mean_iat",
            "baseline_risk": 0.5016876459121704,
            "counterfactual_risk": 0.5016876459121704,
            "risk_reduction": 0.0
          }
        ],
        "what_would_reduce_risk": [
          {
            "feature": "bytes_per_flow",
            "baseline_risk": 0.5016876459121704,
            "counterfactual_risk": 0.47847476601600647,
            "risk_reduction": 0.02321287989616394
          }
        ],
        "baseline_risk": 0.5016876459121704,
        "n_rollouts": 4,
        "seed": 0,
        "occlusion_baseline": "zero in model feature space (training mean for normalized continuous features)",
        "interpretation": "Model sensitivity and attention; not proof of causality or calibrated confidence."
      },
      "lead_time_seconds": 0.0,
      "warning_index": null,
      "critical_index": 1
    },
    {
      "scenario": "CIC-IDS2018::SYNTHETIC_FIXTURE_ONLY",
      "target": 0.0,
      "predicted_future_risk": 0.5017181038856506,
      "predictive_variance": 7.475496386177838e-05,
      "explanation": {
        "target": "ensemble_mean_infiltration_probability_at_final_step",
        "gradient_x_input": [
          {
            "feature": "bytes_per_flow",
            "attribution": 0.0034211743623018265,
            "signed_attribution": 0.0032682805322110653
          },
          {
            "feature": "bytes_total",
            "attribution": 0.002668522298336029,
            "signed_attribution": -0.0024254843592643738
          },
          {
            "feature": "packet_count",
            "attribution": 0.0,
            "signed_attribution": 0.0
          },
          {
            "feature": "flow_count",
            "attribution": 0.0,
            "signed_attribution": 0.0
          },
          {
            "feature": "packets_total",
            "attribution": 0.0,
            "signed_attribution": 0.0
          },
          {
            "feature": "unique_peer_count",
            "attribution": 0.0,
            "signed_attribution": 0.0
          },
          {
            "feature": "unique_dst_port_count",
            "attribution": 0.0,
            "signed_attribution": 0.0
          },
          {
            "feature": "tcp_ratio",
            "attribution": 0.0,
            "signed_attribution": 0.0
          },
          {
            "feature": "udp_ratio",
            "attribution": 0.0,
            "signed_attribution": 0.0
          },
          {
            "feature": "mean_duration",
            "attribution": 0.0,
            "signed_attribution": 0.0
          }
        ],
        "temporal_attention": [
          {
            "window_index": 0,
            "timestamp": 1518566572.0,
            "attention": 0.5141870975494385
          },
          {
            "window_index": 1,
            "timestamp": 1518566573.0,
            "attention": 0.4858129024505615
          }
        ],
        "feature_occlusion": [
          {
            "feature": "bytes_per_flow",
            "baseline_risk": 0.5017181038856506,
            "counterfactual_risk": 0.47848188877105713,
            "risk_reduction": 0.023236215114593506
          },
          {
            "feature": "packet_count",
            "baseline_risk": 0.5017181038856506,
            "counterfactual_risk": 0.5017181038856506,
            "risk_reduction": 0.0
          },
          {
            "feature": "flow_count",
            "baseline_risk": 0.5017181038856506,
            "counterfactual_risk": 0.5017181038856506,
            "risk_reduction": 0.0
          },
          {
            "feature": "packets_total",
            "baseline_risk": 0.5017181038856506,
            "counterfactual_risk": 0.5017181038856506,
            "risk_reduction": 0.0
          },
          {
            "feature": "unique_peer_count",
            "baseline_risk": 0.5017181038856506,
            "counterfactual_risk": 0.5017181038856506,
            "risk_reduction": 0.0
          },
          {
            "feature": "unique_dst_port_count",
            "baseline_risk": 0.5017181038856506,
            "counterfactual_risk": 0.5017181038856506,
            "risk_reduction": 0.0
          },
          {
            "feature": "tcp_ratio",
            "baseline_risk": 0.5017181038856506,
            "counterfactual_risk": 0.5017181038856506,
            "risk_reduction": 0.0
          },
          {
            "feature": "udp_ratio",
            "baseline_risk": 0.5017181038856506,
            "counterfactual_risk": 0.5017181038856506,
            "risk_reduction": 0.0
          },
          {
            "feature": "mean_duration",
            "baseline_risk": 0.5017181038856506,
            "counterfactual_risk": 0.5017181038856506,
            "risk_reduction": 0.0
          },
          {
            "feature": "mean_iat",
            "baseline_risk": 0.5017181038856506,
            "counterfactual_risk": 0.5017181038856506,
            "risk_reduction": 0.0
          }
        ],
        "what_would_reduce_risk": [
          {
            "feature": "bytes_per_flow",
            "baseline_risk": 0.5017181038856506,
            "counterfactual_risk": 0.47848188877105713,
            "risk_reduction": 0.023236215114593506
          }
        ],
        "baseline_risk": 0.5017181038856506,
        "n_rollouts": 4,
        "seed": 0,
        "occlusion_baseline": "zero in model feature space (training mean for normalized continuous features)",
        "interpretation": "Model sensitivity and attention; not proof of causality or calibrated confidence."
      },
      "lead_time_seconds": 0.0,
      "warning_index": null,
      "critical_index": 0
    },
    {
      "scenario": "CIC-IDS2018::SYNTHETIC_FIXTURE_ONLY",
      "target": 0.0,
      "predicted_future_risk": 0.5017482042312622,
      "predictive_variance": 7.476750033674762e-05,
      "explanation": {
        "target": "ensemble_mean_infiltration_probability_at_final_step",
        "gradient_x_input": [
          {
            "feature": "bytes_per_flow",
            "attribution": 0.0034284996800124645,
            "signed_attribution": 0.0032742926850914955
          },
          {
            "feature": "bytes_total",
            "attribution": 0.0026780208572745323,
            "signed_attribution": -0.002434693742543459
          },
          {
            "feature": "packet_count",
            "attribution": 0.0,
            "signed_attribution": 0.0
          },
          {
            "feature": "flow_count",
            "attribution": 0.0,
            "signed_attribution": 0.0
          },
          {
            "feature": "packets_total",
            "attribution": 0.0,
            "signed_attribution": 0.0
          },
          {
            "feature": "unique_peer_count",
            "attribution": 0.0,
            "signed_attribution": 0.0
          },
          {
            "feature": "unique_dst_port_count",
            "attribution": 0.0,
            "signed_attribution": 0.0
          },
          {
            "feature": "tcp_ratio",
            "attribution": 0.0,
            "signed_attribution": 0.0
          },
          {
            "feature": "udp_ratio",
            "attribution": 0.0,
            "signed_attribution": 0.0
          },
          {
            "feature": "mean_duration",
            "attribution": 0.0,
            "signed_attribution": 0.0
          }
        ],
        "temporal_attention": [
          {
            "window_index": 0,
            "timestamp": 1518566573.0,
            "attention": 0.5141924619674683
          },
          {
            "window_index": 1,
            "timestamp": 1518566574.0,
            "attention": 0.48580750823020935
          }
        ],
        "feature_occlusion": [
          {
            "feature": "bytes_per_flow",
            "baseline_risk": 0.5017482042312622,
            "counterfactual_risk": 0.47848886251449585,
            "risk_reduction": 0.023259341716766357
          },
          {
            "feature": "packet_count",
            "baseline_risk": 0.5017482042312622,
            "counterfactual_risk": 0.5017482042312622,
            "risk_reduction": 0.0
          },
          {
            "feature": "flow_count",
            "baseline_risk": 0.5017482042312622,
            "counterfactual_risk": 0.5017482042312622,
            "risk_reduction": 0.0
          },
          {
            "feature": "packets_total",
            "baseline_risk": 0.5017482042312622,
            "counterfactual_risk": 0.5017482042312622,
            "risk_reduction": 0.0
          },
          {
            "feature": "unique_peer_count",
            "baseline_risk": 0.5017482042312622,
            "counterfactual_risk": 0.5017482042312622,
            "risk_reduction": 0.0
          },
          {
            "feature": "unique_dst_port_count",
            "baseline_risk": 0.5017482042312622,
            "counterfactual_risk": 0.5017482042312622,
            "risk_reduction": 0.0
          },
          {
            "feature": "tcp_ratio",
            "baseline_risk": 0.5017482042312622,
            "counterfactual_risk": 0.5017482042312622,
            "risk_reduction": 0.0
          },
          {
            "feature": "udp_ratio",
            "baseline_risk": 0.5017482042312622,
            "counterfactual_risk": 0.5017482042312622,
            "risk_reduction": 0.0
          },
          {
            "feature": "mean_duration",
            "baseline_risk": 0.5017482042312622,
            "counterfactual_risk": 0.5017482042312622,
            "risk_reduction": 0.0
          },
          {
            "feature": "mean_iat",
            "baseline_risk": 0.5017482042312622,
            "counterfactual_risk": 0.5017482042312622,
            "risk_reduction": 0.0
          }
        ],
        "what_would_reduce_risk": [
          {
            "feature": "bytes_per_flow",
            "baseline_risk": 0.5017482042312622,
            "counterfactual_risk": 0.47848886251449585,
            "risk_reduction": 0.023259341716766357
          }
        ],
        "baseline_risk": 0.5017482042312622,
        "n_rollouts": 4,
        "seed": 0,
        "occlusion_baseline": "zero in model feature space (training mean for normalized continuous features)",
        "interpretation": "Model sensitivity and attention; not proof of causality or calibrated confidence."
      },
      "lead_time_seconds": null,
      "warning_index": null,
      "critical_index": null
    },
    {
      "scenario": "CIC-IDS2018::SYNTHETIC_FIXTURE_ONLY",
      "target": 1.0,
      "predicted_future_risk": 0.5017778873443604,
      "predictive_variance": 7.47802114346996e-05,
      "explanation": {
        "target": "ensemble_mean_infiltration_probability_at_final_step",
        "gradient_x_input": [
          {
            "feature": "bytes_per_flow",
            "attribution": 0.0034357686527073383,
            "signed_attribution": 0.003280262928456068
          },
          {
            "feature": "bytes_total",
            "attribution": 0.002687492873519659,
            "signed_attribution": -0.0024438812397420406
          },
          {
            "feature": "packet_count",
            "attribution": 0.0,
            "signed_attribution": 0.0
          },
          {
            "feature": "flow_count",
            "attribution": 0.0,
            "signed_attribution": 0.0
          },
          {
            "feature": "packets_total",
            "attribution": 0.0,
            "signed_attribution": 0.0
          },
          {
            "feature": "unique_peer_count",
            "attribution": 0.0,
            "signed_attribution": 0.0
          },
          {
            "feature": "unique_dst_port_count",
            "attribution": 0.0,
            "signed_attribution": 0.0
          },
          {
            "feature": "tcp_ratio",
            "attribution": 0.0,
            "signed_attribution": 0.0
          },
          {
            "feature": "udp_ratio",
            "attribution": 0.0,
            "signed_attribution": 0.0
          },
          {
            "feature": "mean_duration",
            "attribution": 0.0,
            "signed_attribution": 0.0
          }
        ],
        "temporal_attention": [
          {
            "window_index": 0,
            "timestamp": 1518566574.0,
            "attention": 0.5141977667808533
          },
          {
            "window_index": 1,
            "timestamp": 1518566575.0,
            "attention": 0.48580223321914673
          }
        ],
        "feature_occlusion": [
          {
            "feature": "bytes_per_flow",
            "baseline_risk": 0.5017778873443604,
            "counterfactual_risk": 0.4784955680370331,
            "risk_reduction": 0.02328231930732727
          },
          {
            "feature": "packet_count",
            "baseline_risk": 0.5017778873443604,
            "counterfactual_risk": 0.5017778873443604,
            "risk_reduction": 0.0
          },
          {
            "feature": "flow_count",
            "baseline_risk": 0.5017778873443604,
            "counterfactual_risk": 0.5017778873443604,
            "risk_reduction": 0.0
          },
          {
            "feature": "packets_total",
            "baseline_risk": 0.5017778873443604,
            "counterfactual_risk": 0.5017778873443604,
            "risk_reduction": 0.0
          },
          {
            "feature": "unique_peer_count",
            "baseline_risk": 0.5017778873443604,
            "counterfactual_risk": 0.5017778873443604,
            "risk_reduction": 0.0
          },
          {
            "feature": "unique_dst_port_count",
            "baseline_risk": 0.5017778873443604,
            "counterfactual_risk": 0.5017778873443604,
            "risk_reduction": 0.0
          },
          {
            "feature": "tcp_ratio",
            "baseline_risk": 0.5017778873443604,
            "counterfactual_risk": 0.5017778873443604,
            "risk_reduction": 0.0
          },
          {
            "feature": "udp_ratio",
            "baseline_risk": 0.5017778873443604,
            "counterfactual_risk": 0.5017778873443604,
            "risk_reduction": 0.0
          },
          {
            "feature": "mean_duration",
            "baseline_risk": 0.5017778873443604,
            "counterfactual_risk": 0.5017778873443604,
            "risk_reduction": 0.0
          },
          {
            "feature": "mean_iat",
            "baseline_risk": 0.5017778873443604,
            "counterfactual_risk": 0.5017778873443604,
            "risk_reduction": 0.0
          }
        ],
        "what_would_reduce_risk": [
          {
            "feature": "bytes_per_flow",
            "baseline_risk": 0.5017778873443604,
            "counterfactual_risk": 0.4784955680370331,
            "risk_reduction": 0.02328231930732727
          }
        ],
        "baseline_risk": 0.5017778873443604,
        "n_rollouts": 4,
        "seed": 0,
        "occlusion_baseline": "zero in model feature space (training mean for normalized continuous features)",
        "interpretation": "Model sensitivity and attention; not proof of causality or calibrated confidence."
      },
      "lead_time_seconds": 0.0,
      "warning_index": null,
      "critical_index": 2
    },
    {
      "scenario": "CIC-IDS2018::SYNTHETIC_FIXTURE_ONLY",
      "target": 0.0,
      "predicted_future_risk": 0.5018072128295898,
      "predictive_variance": 7.479305349988863e-05,
      "explanation": {
        "target": "ensemble_mean_infiltration_probability_at_final_step",
        "gradient_x_input": [
          {
            "feature": "bytes_per_flow",
            "attribution": 0.003442977787926793,
            "signed_attribution": 0.0032861868385225534
          },
          {
            "feature": "bytes_total",
            "attribution": 0.0026969320606440306,
            "signed_attribution": -0.0024530396331101656
          },
          {
            "feature": "packet_count",
            "attribution": 0.0,
            "signed_attribution": 0.0
          },
          {
            "feature": "flow_count",
            "attribution": 0.0,
            "signed_attribution": 0.0
          },
          {
            "feature": "packets_total",
            "attribution": 0.0,
            "signed_attribution": 0.0
          },
          {
            "feature": "unique_peer_count",
            "attribution": 0.0,
            "signed_attribution": 0.0
          },
          {
            "feature": "unique_dst_port_count",
            "attribution": 0.0,
            "signed_attribution": 0.0
          },
          {
            "feature": "tcp_ratio",
            "attribution": 0.0,
            "signed_attribution": 0.0
          },
          {
            "feature": "udp_ratio",
            "attribution": 0.0,
            "signed_attribution": 0.0
          },
          {
            "feature": "mean_duration",
            "attribution": 0.0,
            "signed_attribution": 0.0
          }
        ],
        "temporal_attention": [
          {
            "window_index": 0,
            "timestamp": 1518566575.0,
            "attention": 0.5142028331756592
          },
          {
            "window_index": 1,
            "timestamp": 1518566576.0,
            "attention": 0.4857971668243408
          }
        ],
        "feature_occlusion": [
          {
            "feature": "bytes_per_flow",
            "baseline_risk": 0.5018072128295898,
            "counterfactual_risk": 0.478502094745636,
            "risk_reduction": 0.023305118083953857
          },
          {
            "feature": "packet_count",
            "baseline_risk": 0.5018072128295898,
            "counterfactual_risk": 0.5018072128295898,
            "risk_reduction": 0.0
          },
          {
            "feature": "flow_count",
            "baseline_risk": 0.5018072128295898,
            "counterfactual_risk": 0.5018072128295898,
            "risk_reduction": 0.0
          },
          {
            "feature": "packets_total",
            "baseline_risk": 0.5018072128295898,
            "counterfactual_risk": 0.5018072128295898,
            "risk_reduction": 0.0
          },
          {
            "feature": "unique_peer_count",
            "baseline_risk": 0.5018072128295898,
            "counterfactual_risk": 0.5018072128295898,
            "risk_reduction": 0.0
          },
          {
            "feature": "unique_dst_port_count",
            "baseline_risk": 0.5018072128295898,
            "counterfactual_risk": 0.5018072128295898,
            "risk_reduction": 0.0
          },
          {
            "feature": "tcp_ratio",
            "baseline_risk": 0.5018072128295898,
            "counterfactual_risk": 0.5018072128295898,
            "risk_reduction": 0.0
          },
          {
            "feature": "udp_ratio",
            "baseline_risk": 0.5018072128295898,
            "counterfactual_risk": 0.5018072128295898,
            "risk_reduction": 0.0
          },
          {
            "feature": "mean_duration",
            "baseline_risk": 0.5018072128295898,
            "counterfactual_risk": 0.5018072128295898,
            "risk_reduction": 0.0
          },
          {
            "feature": "mean_iat",
            "baseline_risk": 0.5018072128295898,
            "counterfactual_risk": 0.5018072128295898,
            "risk_reduction": 0.0
          }
        ],
        "what_would_reduce_risk": [
          {
            "feature": "bytes_per_flow",
            "baseline_risk": 0.5018072128295898,
            "counterfactual_risk": 0.478502094745636,
            "risk_reduction": 0.023305118083953857
          }
        ],
        "baseline_risk": 0.5018072128295898,
        "n_rollouts": 4,
        "seed": 0,
        "occlusion_baseline": "zero in model feature space (training mean for normalized continuous features)",
        "interpretation": "Model sensitivity and attention; not proof of causality or calibrated confidence."
      },
      "lead_time_seconds": 0.0,
      "warning_index": null,
      "critical_index": 1
    },
    {
      "scenario": "CIC-IDS2018::SYNTHETIC_FIXTURE_ONLY",
      "target": 0.0,
      "predicted_future_risk": 0.5018361806869507,
      "predictive_variance": 7.480551721528172e-05,
      "explanation": {
        "target": "ensemble_mean_infiltration_probability_at_final_step",
        "gradient_x_input": [
          {
            "feature": "bytes_per_flow",
            "attribution": 0.003450132440775633,
            "signed_attribution": 0.0032920711673796177
          },
          {
            "feature": "bytes_total",
            "attribution": 0.002706346567720175,
            "signed_attribution": -0.0024621770717203617
          },
          {
            "feature": "packet_count",
            "attribution": 0.0,
            "signed_attribution": 0.0
          },
          {
            "feature": "flow_count",
            "attribution": 0.0,
            "signed_attribution": 0.0
          },
          {
            "feature": "packets_total",
            "attribution": 0.0,
            "signed_attribution": 0.0
          },
          {
            "feature": "unique_peer_count",
            "attribution": 0.0,
            "signed_attribution": 0.0
          },
          {
            "feature": "unique_dst_port_count",
            "attribution": 0.0,
            "signed_attribution": 0.0
          },
          {
            "feature": "tcp_ratio",
            "attribution": 0.0,
            "signed_attribution": 0.0
          },
          {
            "feature": "udp_ratio",
            "attribution": 0.0,
            "signed_attribution": 0.0
          },
          {
            "feature": "mean_duration",
            "attribution": 0.0,
            "signed_attribution": 0.0
          }
        ],
        "temporal_attention": [
          {
            "window_index": 0,
            "timestamp": 1518566576.0,
            "attention": 0.5142077803611755
          },
          {
            "window_index": 1,
            "timestamp": 1518566577.0,
            "attention": 0.48579221963882446
          }
        ],
        "feature_occlusion": [
          {
            "feature": "bytes_per_flow",
            "baseline_risk": 0.5018361806869507,
            "counterfactual_risk": 0.4785083532333374,
            "risk_reduction": 0.02332782745361328
          },
          {
            "feature": "packet_count",
            "baseline_risk": 0.5018361806869507,
            "counterfactual_risk": 0.5018361806869507,
            "risk_reduction": 0.0
          },
          {
            "feature": "flow_count",
            "baseline_risk": 0.5018361806869507,
            "counterfactual_risk": 0.5018361806869507,
            "risk_reduction": 0.0
          },
          {
            "feature": "packets_total",
            "baseline_risk": 0.5018361806869507,
            "counterfactual_risk": 0.5018361806869507,
            "risk_reduction": 0.0
          },
          {
            "feature": "unique_peer_count",
            "baseline_risk": 0.5018361806869507,
            "counterfactual_risk": 0.5018361806869507,
            "risk_reduction": 0.0
          },
          {
            "feature": "unique_dst_port_count",
            "baseline_risk": 0.5018361806869507,
            "counterfactual_risk": 0.5018361806869507,
            "risk_reduction": 0.0
          },
          {
            "feature": "tcp_ratio",
            "baseline_risk": 0.5018361806869507,
            "counterfactual_risk": 0.5018361806869507,
            "risk_reduction": 0.0
          },
          {
            "feature": "udp_ratio",
            "baseline_risk": 0.5018361806869507,
            "counterfactual_risk": 0.5018361806869507,
            "risk_reduction": 0.0
          },
          {
            "feature": "mean_duration",
            "baseline_risk": 0.5018361806869507,
            "counterfactual_risk": 0.5018361806869507,
            "risk_reduction": 0.0
          },
          {
            "feature": "mean_iat",
            "baseline_risk": 0.5018361806869507,
            "counterfactual_risk": 0.5018361806869507,
            "risk_reduction": 0.0
          }
        ],
        "what_would_reduce_risk": [
          {
            "feature": "bytes_per_flow",
            "baseline_risk": 0.5018361806869507,
            "counterfactual_risk": 0.4785083532333374,
            "risk_reduction": 0.02332782745361328
          }
        ],
        "baseline_risk": 0.5018361806869507,
        "n_rollouts": 4,
        "seed": 0,
        "occlusion_baseline": "zero in model feature space (training mean for normalized continuous features)",
        "interpretation": "Model sensitivity and attention; not proof of causality or calibrated confidence."
      },
      "lead_time_seconds": 0.0,
      "warning_index": null,
      "critical_index": 0
    },
    {
      "scenario": "CIC-IDS2018::SYNTHETIC_FIXTURE_ONLY",
      "target": 0.0,
      "predicted_future_risk": 0.5018647909164429,
      "predictive_variance": 7.481835928047076e-05,
      "explanation": {
        "target": "ensemble_mean_infiltration_probability_at_final_step",
        "gradient_x_input": [
          {
            "feature": "bytes_per_flow",
            "attribution": 0.003457227721810341,
            "signed_attribution": 0.0032979086972773075
          },
          {
            "feature": "bytes_total",
            "attribution": 0.0027157298754900694,
            "signed_attribution": -0.0024712865706533194
          },
          {
            "feature": "packet_count",
            "attribution": 0.0,
            "signed_attribution": 0.0
          },
          {
            "feature": "flow_count",
            "attribution": 0.0,
            "signed_attribution": 0.0
          },
          {
            "feature": "packets_total",
            "attribution": 0.0,
            "signed_attribution": 0.0
          },
          {
            "feature": "unique_peer_count",
            "attribution": 0.0,
            "signed_attribution": 0.0
          },
          {
            "feature": "unique_dst_port_count",
            "attribution": 0.0,
            "signed_attribution": 0.0
          },
          {
            "feature": "tcp_ratio",
            "attribution": 0.0,
            "signed_attribution": 0.0
          },
          {
            "feature": "udp_ratio",
            "attribution": 0.0,
            "signed_attribution": 0.0
          },
          {
            "feature": "mean_duration",
            "attribution": 0.0,
            "signed_attribution": 0.0
          }
        ],
        "temporal_attention": [
          {
            "window_index": 0,
            "timestamp": 1518566577.0,
            "attention": 0.5142125487327576
          },
          {
            "window_index": 1,
            "timestamp": 1518566578.0,
            "attention": 0.48578742146492004
          }
        ],
        "feature_occlusion": [
          {
            "feature": "bytes_per_flow",
            "baseline_risk": 0.5018647909164429,
            "counterfactual_risk": 0.47851449251174927,
            "risk_reduction": 0.023350298404693604
          },
          {
            "feature": "packet_count",
            "baseline_risk": 0.5018647909164429,
            "counterfactual_risk": 0.5018647909164429,
            "risk_reduction": 0.0
          },
          {
            "feature": "flow_count",
            "baseline_risk": 0.5018647909164429,
            "counterfactual_risk": 0.5018647909164429,
            "risk_reduction": 0.0
          },
          {
            "feature": "packets_total",
            "baseline_risk": 0.5018647909164429,
            "counterfactual_risk": 0.5018647909164429,
            "risk_reduction": 0.0
          },
          {
            "feature": "unique_peer_count",
            "baseline_risk": 0.5018647909164429,
            "counterfactual_risk": 0.5018647909164429,
            "risk_reduction": 0.0
          },
          {
            "feature": "unique_dst_port_count",
            "baseline_risk": 0.5018647909164429,
            "counterfactual_risk": 0.5018647909164429,
            "risk_reduction": 0.0
          },
          {
            "feature": "tcp_ratio",
            "baseline_risk": 0.5018647909164429,
            "counterfactual_risk": 0.5018647909164429,
            "risk_reduction": 0.0
          },
          {
            "feature": "udp_ratio",
            "baseline_risk": 0.5018647909164429,
            "counterfactual_risk": 0.5018647909164429,
            "risk_reduction": 0.0
          },
          {
            "feature": "mean_duration",
            "baseline_risk": 0.5018647909164429,
            "counterfactual_risk": 0.5018647909164429,
            "risk_reduction": 0.0
          },
          {
            "feature": "mean_iat",
            "baseline_risk": 0.5018647909164429,
            "counterfactual_risk": 0.5018647909164429,
            "risk_reduction": 0.0
          }
        ],
        "what_would_reduce_risk": [
          {
            "feature": "bytes_per_flow",
            "baseline_risk": 0.5018647909164429,
            "counterfactual_risk": 0.47851449251174927,
            "risk_reduction": 0.023350298404693604
          }
        ],
        "baseline_risk": 0.5018647909164429,
        "n_rollouts": 4,
        "seed": 0,
        "occlusion_baseline": "zero in model feature space (training mean for normalized continuous features)",
        "interpretation": "Model sensitivity and attention; not proof of causality or calibrated confidence."
      },
      "lead_time_seconds": null,
      "warning_index": null,
      "critical_index": null
    }
  ]
}
